cost_model,date,drawdown,equity,mode,portfolio
zero,2026-06-01,0.0,100000.0,stock_only,current_1pct
zero,2026-06-02,0.0,100000.0,stock_only,current_1pct
zero,2026-06-03,0.0,100000.0,stock_only,current_1pct
zero,2026-06-04,0.0,100000.0,stock_only,current_1pct
zero,2026-06-05,0.0,100000.0,stock_only,current_1pct
zero,2026-06-06,0.0,100000.0,stock_only,current_1pct
zero,2026-06-07,0.0,100000.0,stock_only,current_1pct
zero,2026-06-08,0.0,100000.0,stock_only,current_1pct
zero,2026-06-09,0.0,100000.0,stock_only,current_1pct
zero,2026-06-10,0.0,100000.0,stock_only,current_1pct
zero,2026-06-11,0.0,100000.0,stock_only,current_1pct
zero,2026-06-12,0.0,100000.0,stock_only,current_1pct
zero,2026-06-13,0.0,100000.0,stock_only,current_1pct
zero,2026-06-14,0.0,100000.0,stock_only,current_1pct
zero,2026-06-15,0.0,100000.0,stock_only,current_1pct
zero,2026-06-16,0.0,100000.0,stock_only,current_1pct
zero,2026-06-17,0.0,100000.0,stock_only,current_1pct
zero,2026-06-18,0.0,100000.0,stock_only,current_1pct
zero,2026-06-19,0.0,100000.0,stock_only,current_1pct
zero,2026-06-20,0.0,100000.0,stock_only,current_1pct
zero,2026-06-21,0.0,100000.0,stock_only,current_1pct
zero,2026-06-22,0.0,100000.0,stock_only,current_1pct
zero,2026-06-23,0.0,100000.0,stock_only,current_1pct
zero,2026-06-24,0.0,100000.0,stock_only,current_1pct
zero,2026-06-25,0.0,100000.0,stock_only,current_1pct
zero,2026-06-26,0.0,100000.0,stock_only,current_1pct
zero,2026-06-27,0.0,100000.0,stock_only,current_1pct
zero,2026-06-28,0.0,100000.0,stock_only,current_1pct
zero,2026-06-29,0.0,100000.0,stock_only,current_1pct
zero,2026-06-30,0.0,100000.0,stock_only,current_1pct
baseline,2026-06-01,0.0,100000.0,stock_only,current_1pct
baseline,2026-06-02,0.0,100000.0,stock_only,current_1pct
baseline,2026-06-03,0.0,100000.0,stock_only,current_1pct
baseline,2026-06-04,0.0,100000.0,stock_only,current_1pct
baseline,2026-06-05,0.0,100000.0,stock_only,current_1pct
baseline,2026-06-06,0.0,100000.0,stock_only,current_1pct
baseline,2026-06-07,0.0,100000.0,stock_only,current_1pct
baseline,2026-06-08,0.0,100000.0,stock_only,current_1pct
baseline,2026-06-09,0.0,100000.0,stock_only,current_1pct
baseline,2026-06-10,0.0,100000.0,stock_only,current_1pct
baseline,2026-06-11,0.0,100000.0,stock_only,current_1pct
baseline,2026-06-12,0.0,100000.0,stock_only,current_1pct
baseline,2026-06-13,0.0,100000.0,stock_only,current_1pct
baseline,2026-06-14,0.0,100000.0,stock_only,current_1pct
baseline,2026-06-15,0.0,100000.0,stock_only,current_1pct
baseline,2026-06-16,0.0,100000.0,stock_only,current_1pct
baseline,2026-06-17,0.0,100000.0,stock_only,current_1pct
baseline,2026-06-18,0.0,100000.0,stock_only,current_1pct
baseline,2026-06-19,0.0,100000.0,stock_only,current_1pct
baseline,2026-06-20,0.0,100000.0,stock_only,current_1pct
baseline,2026-06-21,0.0,100000.0,stock_only,current_1pct
baseline,2026-06-22,0.0,100000.0,stock_only,current_1pct
baseline,2026-06-23,0.0,100000.0,stock_only,current_1pct
baseline,2026-06-24,0.0,100000.0,stock_only,current_1pct
baseline,2026-06-25,0.0,100000.0,stock_only,current_1pct
baseline,2026-06-26,0.0,100000.0,stock_only,current_1pct
baseline,2026-06-27,0.0,100000.0,stock_only,current_1pct
baseline,2026-06-28,0.0,100000.0,stock_only,current_1pct
baseline,2026-06-29,0.0,100000.0,stock_only,current_1pct
baseline,2026-06-30,0.0,100000.0,stock_only,current_1pct
stressed,2026-06-01,0.0,100000.0,stock_only,current_1pct
stressed,2026-06-02,0.0,100000.0,stock_only,current_1pct
stressed,2026-06-03,0.0,100000.0,stock_only,current_1pct
stressed,2026-06-04,0.0,100000.0,stock_only,current_1pct
stressed,2026-06-05,0.0,100000.0,stock_only,current_1pct
stressed,2026-06-06,0.0,100000.0,stock_only,current_1pct
stressed,2026-06-07,0.0,100000.0,stock_only,current_1pct
stressed,2026-06-08,0.0,100000.0,stock_only,current_1pct
stressed,2026-06-09,0.0,100000.0,stock_only,current_1pct
stressed,2026-06-10,0.0,100000.0,stock_only,current_1pct
stressed,2026-06-11,0.0,100000.0,stock_only,current_1pct
stressed,2026-06-12,0.0,100000.0,stock_only,current_1pct
stressed,2026-06-13,0.0,100000.0,stock_only,current_1pct
stressed,2026-06-14,0.0,100000.0,stock_only,current_1pct
stressed,2026-06-15,0.0,100000.0,stock_only,current_1pct
stressed,2026-06-16,0.0,100000.0,stock_only,current_1pct
stressed,2026-06-17,0.0,100000.0,stock_only,current_1pct
stressed,2026-06-18,0.0,100000.0,stock_only,current_1pct
stressed,2026-06-19,0.0,100000.0,stock_only,current_1pct
stressed,2026-06-20,0.0,100000.0,stock_only,current_1pct
stressed,2026-06-21,0.0,100000.0,stock_only,current_1pct
stressed,2026-06-22,0.0,100000.0,stock_only,current_1pct
stressed,2026-06-23,0.0,100000.0,stock_only,current_1pct
stressed,2026-06-24,0.0,100000.0,stock_only,current_1pct
stressed,2026-06-25,0.0,100000.0,stock_only,current_1pct
stressed,2026-06-26,0.0,100000.0,stock_only,current_1pct
stressed,2026-06-27,0.0,100000.0,stock_only,current_1pct
stressed,2026-06-28,0.0,100000.0,stock_only,current_1pct
stressed,2026-06-29,0.0,100000.0,stock_only,current_1pct
stressed,2026-06-30,0.0,100000.0,stock_only,current_1pct
zero,2026-06-01,0.0,100000.0,stock_only,safe_0_25pct
zero,2026-06-02,0.0,100000.0,stock_only,safe_0_25pct
zero,2026-06-03,0.0,100000.0,stock_only,safe_0_25pct
zero,2026-06-04,0.0,100000.0,stock_only,safe_0_25pct
zero,2026-06-05,0.0,100000.0,stock_only,safe_0_25pct
zero,2026-06-06,0.0,100000.0,stock_only,safe_0_25pct
zero,2026-06-07,0.0,100000.0,stock_only,safe_0_25pct
zero,2026-06-08,0.0,100000.0,stock_only,safe_0_25pct
zero,2026-06-09,0.0,100000.0,stock_only,safe_0_25pct
zero,2026-06-10,0.0,100000.0,stock_only,safe_0_25pct
zero,2026-06-11,0.0,100000.0,stock_only,safe_0_25pct
zero,2026-06-12,0.0,100000.0,stock_only,safe_0_25pct
zero,2026-06-13,0.0,100000.0,stock_only,safe_0_25pct
zero,2026-06-14,0.0,100000.0,stock_only,safe_0_25pct
zero,2026-06-15,0.0,100000.0,stock_only,safe_0_25pct
zero,2026-06-16,0.0,100000.0,stock_only,safe_0_25pct
zero,2026-06-17,0.0,100000.0,stock_only,safe_0_25pct
zero,2026-06-18,0.0,100000.0,stock_only,safe_0_25pct
zero,2026-06-19,0.0,100000.0,stock_only,safe_0_25pct
zero,2026-06-20,0.0,100000.0,stock_only,safe_0_25pct
zero,2026-06-21,0.0,100000.0,stock_only,safe_0_25pct
zero,2026-06-22,0.0,100000.0,stock_only,safe_0_25pct
zero,2026-06-23,0.0,100000.0,stock_only,safe_0_25pct
zero,2026-06-24,0.0,100000.0,stock_only,safe_0_25pct
zero,2026-06-25,0.0,100000.0,stock_only,safe_0_25pct
zero,2026-06-26,0.0,100000.0,stock_only,safe_0_25pct
zero,2026-06-27,0.0,100000.0,stock_only,safe_0_25pct
zero,2026-06-28,0.0,100000.0,stock_only,safe_0_25pct
zero,2026-06-29,0.0,100000.0,stock_only,safe_0_25pct
zero,2026-06-30,0.0,100000.0,stock_only,safe_0_25pct
baseline,2026-06-01,0.0,100000.0,stock_only,safe_0_25pct
baseline,2026-06-02,0.0,100000.0,stock_only,safe_0_25pct
baseline,2026-06-03,0.0,100000.0,stock_only,safe_0_25pct
baseline,2026-06-04,0.0,100000.0,stock_only,safe_0_25pct
baseline,2026-06-05,0.0,100000.0,stock_only,safe_0_25pct
baseline,2026-06-06,0.0,100000.0,stock_only,safe_0_25pct
baseline,2026-06-07,0.0,100000.0,stock_only,safe_0_25pct
baseline,2026-06-08,0.0,100000.0,stock_only,safe_0_25pct
baseline,2026-06-09,0.0,100000.0,stock_only,safe_0_25pct
baseline,2026-06-10,0.0,100000.0,stock_only,safe_0_25pct
baseline,2026-06-11,0.0,100000.0,stock_only,safe_0_25pct
baseline,2026-06-12,0.0,100000.0,stock_only,safe_0_25pct
baseline,2026-06-13,0.0,100000.0,stock_only,safe_0_25pct
baseline,2026-06-14,0.0,100000.0,stock_only,safe_0_25pct
baseline,2026-06-15,0.0,100000.0,stock_only,safe_0_25pct
baseline,2026-06-16,0.0,100000.0,stock_only,safe_0_25pct
baseline,2026-06-17,0.0,100000.0,stock_only,safe_0_25pct
baseline,2026-06-18,0.0,100000.0,stock_only,safe_0_25pct
baseline,2026-06-19,0.0,100000.0,stock_only,safe_0_25pct
baseline,2026-06-20,0.0,100000.0,stock_only,safe_0_25pct
baseline,2026-06-21,0.0,100000.0,stock_only,safe_0_25pct
baseline,2026-06-22,0.0,100000.0,stock_only,safe_0_25pct
baseline,2026-06-23,0.0,100000.0,stock_only,safe_0_25pct
baseline,2026-06-24,0.0,100000.0,stock_only,safe_0_25pct
baseline,2026-06-25,0.0,100000.0,stock_only,safe_0_25pct
baseline,2026-06-26,0.0,100000.0,stock_only,safe_0_25pct
baseline,2026-06-27,0.0,100000.0,stock_only,safe_0_25pct
baseline,2026-06-28,0.0,100000.0,stock_only,safe_0_25pct
baseline,2026-06-29,0.0,100000.0,stock_only,safe_0_25pct
baseline,2026-06-30,0.0,100000.0,stock_only,safe_0_25pct
stressed,2026-06-01,0.0,100000.0,stock_only,safe_0_25pct
stressed,2026-06-02,0.0,100000.0,stock_only,safe_0_25pct
stressed,2026-06-03,0.0,100000.0,stock_only,safe_0_25pct
stressed,2026-06-04,0.0,100000.0,stock_only,safe_0_25pct
stressed,2026-06-05,0.0,100000.0,stock_only,safe_0_25pct
stressed,2026-06-06,0.0,100000.0,stock_only,safe_0_25pct
stressed,2026-06-07,0.0,100000.0,stock_only,safe_0_25pct
stressed,2026-06-08,0.0,100000.0,stock_only,safe_0_25pct
stressed,2026-06-09,0.0,100000.0,stock_only,safe_0_25pct
stressed,2026-06-10,0.0,100000.0,stock_only,safe_0_25pct
stressed,2026-06-11,0.0,100000.0,stock_only,safe_0_25pct
stressed,2026-06-12,0.0,100000.0,stock_only,safe_0_25pct
stressed,2026-06-13,0.0,100000.0,stock_only,safe_0_25pct
stressed,2026-06-14,0.0,100000.0,stock_only,safe_0_25pct
stressed,2026-06-15,0.0,100000.0,stock_only,safe_0_25pct
stressed,2026-06-16,0.0,100000.0,stock_only,safe_0_25pct
stressed,2026-06-17,0.0,100000.0,stock_only,safe_0_25pct
stressed,2026-06-18,0.0,100000.0,stock_only,safe_0_25pct
stressed,2026-06-19,0.0,100000.0,stock_only,safe_0_25pct
stressed,2026-06-20,0.0,100000.0,stock_only,safe_0_25pct
stressed,2026-06-21,0.0,100000.0,stock_only,safe_0_25pct
stressed,2026-06-22,0.0,100000.0,stock_only,safe_0_25pct
stressed,2026-06-23,0.0,100000.0,stock_only,safe_0_25pct
stressed,2026-06-24,0.0,100000.0,stock_only,safe_0_25pct
stressed,2026-06-25,0.0,100000.0,stock_only,safe_0_25pct
stressed,2026-06-26,0.0,100000.0,stock_only,safe_0_25pct
stressed,2026-06-27,0.0,100000.0,stock_only,safe_0_25pct
stressed,2026-06-28,0.0,100000.0,stock_only,safe_0_25pct
stressed,2026-06-29,0.0,100000.0,stock_only,safe_0_25pct
stressed,2026-06-30,0.0,100000.0,stock_only,safe_0_25pct
zero,2026-06-01,0.0,100000.0,crypto_weekends,current_1pct
zero,2026-06-02,0.0,100000.0,crypto_weekends,current_1pct
zero,2026-06-03,0.0,100000.0,crypto_weekends,current_1pct
zero,2026-06-04,0.0,100000.0,crypto_weekends,current_1pct
zero,2026-06-05,0.0,100000.0,crypto_weekends,current_1pct
zero,2026-06-06,0.0,100000.0,crypto_weekends,current_1pct
zero,2026-06-07,0.0,100000.0,crypto_weekends,current_1pct
zero,2026-06-08,0.0,100000.0,crypto_weekends,current_1pct
zero,2026-06-09,0.0,100000.0,crypto_weekends,current_1pct
zero,2026-06-10,0.0,100000.0,crypto_weekends,current_1pct
zero,2026-06-11,0.0,100000.0,crypto_weekends,current_1pct
zero,2026-06-12,0.0,100000.0,crypto_weekends,current_1pct
zero,2026-06-13,0.0,100000.0,crypto_weekends,current_1pct
zero,2026-06-14,0.0,100000.0,crypto_weekends,current_1pct
zero,2026-06-15,0.0,100000.0,crypto_weekends,current_1pct
zero,2026-06-16,0.0,100000.0,crypto_weekends,current_1pct
zero,2026-06-17,0.0,100000.0,crypto_weekends,current_1pct
zero,2026-06-18,0.0,100000.0,crypto_weekends,current_1pct
zero,2026-06-19,0.0,100000.0,crypto_weekends,current_1pct
zero,2026-06-20,0.0,100000.0,crypto_weekends,current_1pct
zero,2026-06-21,0.0,100000.0,crypto_weekends,current_1pct
zero,2026-06-22,0.0,100000.0,crypto_weekends,current_1pct
zero,2026-06-23,0.0,100000.0,crypto_weekends,current_1pct
zero,2026-06-24,0.0,100000.0,crypto_weekends,current_1pct
zero,2026-06-25,0.0,100000.0,crypto_weekends,current_1pct
zero,2026-06-26,0.0,100000.0,crypto_weekends,current_1pct
zero,2026-06-27,0.0,100000.0,crypto_weekends,current_1pct
zero,2026-06-28,0.0,100000.0,crypto_weekends,current_1pct
zero,2026-06-29,0.0,100000.0,crypto_weekends,current_1pct
zero,2026-06-30,0.0,100000.0,crypto_weekends,current_1pct
baseline,2026-06-01,0.0,100000.0,crypto_weekends,current_1pct
baseline,2026-06-02,0.0,100000.0,crypto_weekends,current_1pct
baseline,2026-06-03,0.0,100000.0,crypto_weekends,current_1pct
baseline,2026-06-04,0.0,100000.0,crypto_weekends,current_1pct
baseline,2026-06-05,0.0,100000.0,crypto_weekends,current_1pct
baseline,2026-06-06,0.0,100000.0,crypto_weekends,current_1pct
baseline,2026-06-07,0.0,100000.0,crypto_weekends,current_1pct
baseline,2026-06-08,0.0,100000.0,crypto_weekends,current_1pct
baseline,2026-06-09,0.0,100000.0,crypto_weekends,current_1pct
baseline,2026-06-10,0.0,100000.0,crypto_weekends,current_1pct
baseline,2026-06-11,0.0,100000.0,crypto_weekends,current_1pct
baseline,2026-06-12,0.0,100000.0,crypto_weekends,current_1pct
baseline,2026-06-13,0.0,100000.0,crypto_weekends,current_1pct
baseline,2026-06-14,0.0,100000.0,crypto_weekends,current_1pct
baseline,2026-06-15,0.0,100000.0,crypto_weekends,current_1pct
baseline,2026-06-16,0.0,100000.0,crypto_weekends,current_1pct
baseline,2026-06-17,0.0,100000.0,crypto_weekends,current_1pct
baseline,2026-06-18,0.0,100000.0,crypto_weekends,current_1pct
baseline,2026-06-19,0.0,100000.0,crypto_weekends,current_1pct
baseline,2026-06-20,0.0,100000.0,crypto_weekends,current_1pct
baseline,2026-06-21,0.0,100000.0,crypto_weekends,current_1pct
baseline,2026-06-22,0.0,100000.0,crypto_weekends,current_1pct
baseline,2026-06-23,0.0,100000.0,crypto_weekends,current_1pct
baseline,2026-06-24,0.0,100000.0,crypto_weekends,current_1pct
baseline,2026-06-25,0.0,100000.0,crypto_weekends,current_1pct
baseline,2026-06-26,0.0,100000.0,crypto_weekends,current_1pct
baseline,2026-06-27,0.0,100000.0,crypto_weekends,current_1pct
baseline,2026-06-28,0.0,100000.0,crypto_weekends,current_1pct
baseline,2026-06-29,0.0,100000.0,crypto_weekends,current_1pct
baseline,2026-06-30,0.0,100000.0,crypto_weekends,current_1pct
stressed,2026-06-01,0.0,100000.0,crypto_weekends,current_1pct
stressed,2026-06-02,0.0,100000.0,crypto_weekends,current_1pct
stressed,2026-06-03,0.0,100000.0,crypto_weekends,current_1pct
stressed,2026-06-04,0.0,100000.0,crypto_weekends,current_1pct
stressed,2026-06-05,0.0,100000.0,crypto_weekends,current_1pct
stressed,2026-06-06,0.0,100000.0,crypto_weekends,current_1pct
stressed,2026-06-07,0.0,100000.0,crypto_weekends,current_1pct
stressed,2026-06-08,0.0,100000.0,crypto_weekends,current_1pct
stressed,2026-06-09,0.0,100000.0,crypto_weekends,current_1pct
stressed,2026-06-10,0.0,100000.0,crypto_weekends,current_1pct
stressed,2026-06-11,0.0,100000.0,crypto_weekends,current_1pct
stressed,2026-06-12,0.0,100000.0,crypto_weekends,current_1pct
stressed,2026-06-13,0.0,100000.0,crypto_weekends,current_1pct
stressed,2026-06-14,0.0,100000.0,crypto_weekends,current_1pct
stressed,2026-06-15,0.0,100000.0,crypto_weekends,current_1pct
stressed,2026-06-16,0.0,100000.0,crypto_weekends,current_1pct
stressed,2026-06-17,0.0,100000.0,crypto_weekends,current_1pct
stressed,2026-06-18,0.0,100000.0,crypto_weekends,current_1pct
stressed,2026-06-19,0.0,100000.0,crypto_weekends,current_1pct
stressed,2026-06-20,0.0,100000.0,crypto_weekends,current_1pct
stressed,2026-06-21,0.0,100000.0,crypto_weekends,current_1pct
stressed,2026-06-22,0.0,100000.0,crypto_weekends,current_1pct
stressed,2026-06-23,0.0,100000.0,crypto_weekends,current_1pct
stressed,2026-06-24,0.0,100000.0,crypto_weekends,current_1pct
stressed,2026-06-25,0.0,100000.0,crypto_weekends,current_1pct
stressed,2026-06-26,0.0,100000.0,crypto_weekends,current_1pct
stressed,2026-06-27,0.0,100000.0,crypto_weekends,current_1pct
stressed,2026-06-28,0.0,100000.0,crypto_weekends,current_1pct
stressed,2026-06-29,0.0,100000.0,crypto_weekends,current_1pct
stressed,2026-06-30,0.0,100000.0,crypto_weekends,current_1pct
zero,2026-06-01,0.0,100000.0,crypto_weekends,safe_0_25pct
zero,2026-06-02,0.0,100000.0,crypto_weekends,safe_0_25pct
zero,2026-06-03,0.0,100000.0,crypto_weekends,safe_0_25pct
zero,2026-06-04,0.0,100000.0,crypto_weekends,safe_0_25pct
zero,2026-06-05,0.0,100000.0,crypto_weekends,safe_0_25pct
zero,2026-06-06,0.0,100000.0,crypto_weekends,safe_0_25pct
zero,2026-06-07,0.0,100000.0,crypto_weekends,safe_0_25pct
zero,2026-06-08,0.0,100000.0,crypto_weekends,safe_0_25pct
zero,2026-06-09,0.0,100000.0,crypto_weekends,safe_0_25pct
zero,2026-06-10,0.0,100000.0,crypto_weekends,safe_0_25pct
zero,2026-06-11,0.0,100000.0,crypto_weekends,safe_0_25pct
zero,2026-06-12,0.0,100000.0,crypto_weekends,safe_0_25pct
zero,2026-06-13,0.0,100000.0,crypto_weekends,safe_0_25pct
zero,2026-06-14,0.0,100000.0,crypto_weekends,safe_0_25pct
zero,2026-06-15,0.0,100000.0,crypto_weekends,safe_0_25pct
zero,2026-06-16,0.0,100000.0,crypto_weekends,safe_0_25pct
zero,2026-06-17,0.0,100000.0,crypto_weekends,safe_0_25pct
zero,2026-06-18,0.0,100000.0,crypto_weekends,safe_0_25pct
zero,2026-06-19,0.0,100000.0,crypto_weekends,safe_0_25pct
zero,2026-06-20,0.0,100000.0,crypto_weekends,safe_0_25pct
zero,2026-06-21,0.0,100000.0,crypto_weekends,safe_0_25pct
zero,2026-06-22,0.0,100000.0,crypto_weekends,safe_0_25pct
zero,2026-06-23,0.0,100000.0,crypto_weekends,safe_0_25pct
zero,2026-06-24,0.0,100000.0,crypto_weekends,safe_0_25pct
zero,2026-06-25,0.0,100000.0,crypto_weekends,safe_0_25pct
zero,2026-06-26,0.0,100000.0,crypto_weekends,safe_0_25pct
zero,2026-06-27,0.0,100000.0,crypto_weekends,safe_0_25pct
zero,2026-06-28,0.0,100000.0,crypto_weekends,safe_0_25pct
zero,2026-06-29,0.0,100000.0,crypto_weekends,safe_0_25pct
zero,2026-06-30,0.0,100000.0,crypto_weekends,safe_0_25pct
baseline,2026-06-01,0.0,100000.0,crypto_weekends,safe_0_25pct
baseline,2026-06-02,0.0,100000.0,crypto_weekends,safe_0_25pct
baseline,2026-06-03,0.0,100000.0,crypto_weekends,safe_0_25pct
baseline,2026-06-04,0.0,100000.0,crypto_weekends,safe_0_25pct
baseline,2026-06-05,0.0,100000.0,crypto_weekends,safe_0_25pct
baseline,2026-06-06,0.0,100000.0,crypto_weekends,safe_0_25pct
baseline,2026-06-07,0.0,100000.0,crypto_weekends,safe_0_25pct
baseline,2026-06-08,0.0,100000.0,crypto_weekends,safe_0_25pct
baseline,2026-06-09,0.0,100000.0,crypto_weekends,safe_0_25pct
baseline,2026-06-10,0.0,100000.0,crypto_weekends,safe_0_25pct
baseline,2026-06-11,0.0,100000.0,crypto_weekends,safe_0_25pct
baseline,2026-06-12,0.0,100000.0,crypto_weekends,safe_0_25pct
baseline,2026-06-13,0.0,100000.0,crypto_weekends,safe_0_25pct
baseline,2026-06-14,0.0,100000.0,crypto_weekends,safe_0_25pct
baseline,2026-06-15,0.0,100000.0,crypto_weekends,safe_0_25pct
baseline,2026-06-16,0.0,100000.0,crypto_weekends,safe_0_25pct
baseline,2026-06-17,0.0,100000.0,crypto_weekends,safe_0_25pct
baseline,2026-06-18,0.0,100000.0,crypto_weekends,safe_0_25pct
baseline,2026-06-19,0.0,100000.0,crypto_weekends,safe_0_25pct
baseline,2026-06-20,0.0,100000.0,crypto_weekends,safe_0_25pct
baseline,2026-06-21,0.0,100000.0,crypto_weekends,safe_0_25pct
baseline,2026-06-22,0.0,100000.0,crypto_weekends,safe_0_25pct
baseline,2026-06-23,0.0,100000.0,crypto_weekends,safe_0_25pct
baseline,2026-06-24,0.0,100000.0,crypto_weekends,safe_0_25pct
baseline,2026-06-25,0.0,100000.0,crypto_weekends,safe_0_25pct
baseline,2026-06-26,0.0,100000.0,crypto_weekends,safe_0_25pct
baseline,2026-06-27,0.0,100000.0,crypto_weekends,safe_0_25pct
baseline,2026-06-28,0.0,100000.0,crypto_weekends,safe_0_25pct
baseline,2026-06-29,0.0,100000.0,crypto_weekends,safe_0_25pct
baseline,2026-06-30,0.0,100000.0,crypto_weekends,safe_0_25pct
stressed,2026-06-01,0.0,100000.0,crypto_weekends,safe_0_25pct
stressed,2026-06-02,0.0,100000.0,crypto_weekends,safe_0_25pct
stressed,2026-06-03,0.0,100000.0,crypto_weekends,safe_0_25pct
stressed,2026-06-04,0.0,100000.0,crypto_weekends,safe_0_25pct
stressed,2026-06-05,0.0,100000.0,crypto_weekends,safe_0_25pct
stressed,2026-06-06,0.0,100000.0,crypto_weekends,safe_0_25pct
stressed,2026-06-07,0.0,100000.0,crypto_weekends,safe_0_25pct
stressed,2026-06-08,0.0,100000.0,crypto_weekends,safe_0_25pct
stressed,2026-06-09,0.0,100000.0,crypto_weekends,safe_0_25pct
stressed,2026-06-10,0.0,100000.0,crypto_weekends,safe_0_25pct
stressed,2026-06-11,0.0,100000.0,crypto_weekends,safe_0_25pct
stressed,2026-06-12,0.0,100000.0,crypto_weekends,safe_0_25pct
stressed,2026-06-13,0.0,100000.0,crypto_weekends,safe_0_25pct
stressed,2026-06-14,0.0,100000.0,crypto_weekends,safe_0_25pct
stressed,2026-06-15,0.0,100000.0,crypto_weekends,safe_0_25pct
stressed,2026-06-16,0.0,100000.0,crypto_weekends,safe_0_25pct
stressed,2026-06-17,0.0,100000.0,crypto_weekends,safe_0_25pct
stressed,2026-06-18,0.0,100000.0,crypto_weekends,safe_0_25pct
stressed,2026-06-19,0.0,100000.0,crypto_weekends,safe_0_25pct
stressed,2026-06-20,0.0,100000.0,crypto_weekends,safe_0_25pct
stressed,2026-06-21,0.0,100000.0,crypto_weekends,safe_0_25pct
stressed,2026-06-22,0.0,100000.0,crypto_weekends,safe_0_25pct
stressed,2026-06-23,0.0,100000.0,crypto_weekends,safe_0_25pct
stressed,2026-06-24,0.0,100000.0,crypto_weekends,safe_0_25pct
stressed,2026-06-25,0.0,100000.0,crypto_weekends,safe_0_25pct
stressed,2026-06-26,0.0,100000.0,crypto_weekends,safe_0_25pct
stressed,2026-06-27,0.0,100000.0,crypto_weekends,safe_0_25pct
stressed,2026-06-28,0.0,100000.0,crypto_weekends,safe_0_25pct
stressed,2026-06-29,0.0,100000.0,crypto_weekends,safe_0_25pct
stressed,2026-06-30,0.0,100000.0,crypto_weekends,safe_0_25pct
zero,2026-06-01,0.0,100000.0,crypto_7day,current_1pct
zero,2026-06-02,0.0,100000.0,crypto_7day,current_1pct
zero,2026-06-03,0.0,100000.0,crypto_7day,current_1pct
zero,2026-06-04,0.0,100000.0,crypto_7day,current_1pct
zero,2026-06-05,0.0,100000.0,crypto_7day,current_1pct
zero,2026-06-06,0.0,100000.0,crypto_7day,current_1pct
zero,2026-06-07,0.0,100000.0,crypto_7day,current_1pct
zero,2026-06-08,0.0,100000.0,crypto_7day,current_1pct
zero,2026-06-09,0.0,100000.0,crypto_7day,current_1pct
zero,2026-06-10,0.0,100000.0,crypto_7day,current_1pct
zero,2026-06-11,0.0,100000.0,crypto_7day,current_1pct
zero,2026-06-12,0.0,100000.0,crypto_7day,current_1pct
zero,2026-06-13,0.0,100000.0,crypto_7day,current_1pct
zero,2026-06-14,0.0,100000.0,crypto_7day,current_1pct
zero,2026-06-15,0.0,100000.0,crypto_7day,current_1pct
zero,2026-06-16,0.0,100005.75143212403,crypto_7day,current_1pct
zero,2026-06-17,0.0,100005.75143212403,crypto_7day,current_1pct
zero,2026-06-18,0.0,100005.75143212403,crypto_7day,current_1pct
zero,2026-06-19,0.0,100005.75143212403,crypto_7day,current_1pct
zero,2026-06-20,0.0,100005.75143212403,crypto_7day,current_1pct
zero,2026-06-21,0.0,100005.75143212403,crypto_7day,current_1pct
zero,2026-06-22,0.0,100005.75143212403,crypto_7day,current_1pct
zero,2026-06-23,0.0,100005.75143212403,crypto_7day,current_1pct
zero,2026-06-24,0.0,100005.75143212403,crypto_7day,current_1pct
zero,2026-06-25,0.0,100005.75143212403,crypto_7day,current_1pct
zero,2026-06-26,0.0,100005.75143212403,crypto_7day,current_1pct
zero,2026-06-27,0.0,100005.75143212403,crypto_7day,current_1pct
zero,2026-06-28,0.0,100005.75143212403,crypto_7day,current_1pct
zero,2026-06-29,0.0,100005.75143212403,crypto_7day,current_1pct
zero,2026-06-30,0.0,100005.75143212403,crypto_7day,current_1pct
baseline,2026-06-01,0.0,100000.0,crypto_7day,current_1pct
baseline,2026-06-02,0.0,100000.0,crypto_7day,current_1pct
baseline,2026-06-03,0.0,100000.0,crypto_7day,current_1pct
baseline,2026-06-04,0.0,100000.0,crypto_7day,current_1pct
baseline,2026-06-05,0.0,100000.0,crypto_7day,current_1pct
baseline,2026-06-06,0.0,100000.0,crypto_7day,current_1pct
baseline,2026-06-07,0.0,100000.0,crypto_7day,current_1pct
baseline,2026-06-08,0.0,100000.0,crypto_7day,current_1pct
baseline,2026-06-09,0.0,100000.0,crypto_7day,current_1pct
baseline,2026-06-10,0.0,100000.0,crypto_7day,current_1pct
baseline,2026-06-11,0.0,100000.0,crypto_7day,current_1pct
baseline,2026-06-12,0.0,100000.0,crypto_7day,current_1pct
baseline,2026-06-13,0.0,100000.0,crypto_7day,current_1pct
baseline,2026-06-14,0.0,100000.0,crypto_7day,current_1pct
baseline,2026-06-15,0.0,100000.0,crypto_7day,current_1pct
baseline,2026-06-16,-0.0013433018496674665,99865.66981503325,crypto_7day,current_1pct
baseline,2026-06-17,-0.0013433018496674665,99865.66981503325,crypto_7day,current_1pct
baseline,2026-06-18,-0.0013433018496674665,99865.66981503325,crypto_7day,current_1pct
baseline,2026-06-19,-0.0013433018496674665,99865.66981503325,crypto_7day,current_1pct
baseline,2026-06-20,-0.0013433018496674665,99865.66981503325,crypto_7day,current_1pct
baseline,2026-06-21,-0.0013433018496674665,99865.66981503325,crypto_7day,current_1pct
baseline,2026-06-22,-0.0013433018496674665,99865.66981503325,crypto_7day,current_1pct
baseline,2026-06-23,-0.0013433018496674665,99865.66981503325,crypto_7day,current_1pct
baseline,2026-06-24,-0.0013433018496674665,99865.66981503325,crypto_7day,current_1pct
baseline,2026-06-25,-0.0013433018496674665,99865.66981503325,crypto_7day,current_1pct
baseline,2026-06-26,-0.0013433018496674665,99865.66981503325,crypto_7day,current_1pct
baseline,2026-06-27,-0.0013433018496674665,99865.66981503325,crypto_7day,current_1pct
baseline,2026-06-28,-0.0013433018496674665,99865.66981503325,crypto_7day,current_1pct
baseline,2026-06-29,-0.0013433018496674665,99865.66981503325,crypto_7day,current_1pct
baseline,2026-06-30,-0.0013433018496674665,99865.66981503325,crypto_7day,current_1pct
stressed,2026-06-01,0.0,100000.0,crypto_7day,current_1pct
stressed,2026-06-02,0.0,100000.0,crypto_7day,current_1pct
stressed,2026-06-03,0.0,100000.0,crypto_7day,current_1pct
stressed,2026-06-04,0.0,100000.0,crypto_7day,current_1pct
stressed,2026-06-05,0.0,100000.0,crypto_7day,current_1pct
stressed,2026-06-06,0.0,100000.0,crypto_7day,current_1pct
stressed,2026-06-07,0.0,100000.0,crypto_7day,current_1pct
stressed,2026-06-08,0.0,100000.0,crypto_7day,current_1pct
stressed,2026-06-09,0.0,100000.0,crypto_7day,current_1pct
stressed,2026-06-10,0.0,100000.0,crypto_7day,current_1pct
stressed,2026-06-11,0.0,100000.0,crypto_7day,current_1pct
stressed,2026-06-12,0.0,100000.0,crypto_7day,current_1pct
stressed,2026-06-13,0.0,100000.0,crypto_7day,current_1pct
stressed,2026-06-14,0.0,100000.0,crypto_7day,current_1pct
stressed,2026-06-15,0.0,100000.0,crypto_7day,current_1pct
stressed,2026-06-16,-0.0019436516371995616,99805.63483628005,crypto_7day,current_1pct
stressed,2026-06-17,-0.0019436516371995616,99805.63483628005,crypto_7day,current_1pct
stressed,2026-06-18,-0.0019436516371995616,99805.63483628005,crypto_7day,current_1pct
stressed,2026-06-19,-0.0019436516371995616,99805.63483628005,crypto_7day,current_1pct
stressed,2026-06-20,-0.0019436516371995616,99805.63483628005,crypto_7day,current_1pct
stressed,2026-06-21,-0.0019436516371995616,99805.63483628005,crypto_7day,current_1pct
stressed,2026-06-22,-0.0019436516371995616,99805.63483628005,crypto_7day,current_1pct
stressed,2026-06-23,-0.0019436516371995616,99805.63483628005,crypto_7day,current_1pct
stressed,2026-06-24,-0.0019436516371995616,99805.63483628005,crypto_7day,current_1pct
stressed,2026-06-25,-0.0019436516371995616,99805.63483628005,crypto_7day,current_1pct
stressed,2026-06-26,-0.0019436516371995616,99805.63483628005,crypto_7day,current_1pct
stressed,2026-06-27,-0.0019436516371995616,99805.63483628005,crypto_7day,current_1pct
stressed,2026-06-28,-0.0019436516371995616,99805.63483628005,crypto_7day,current_1pct
stressed,2026-06-29,-0.0019436516371995616,99805.63483628005,crypto_7day,current_1pct
stressed,2026-06-30,-0.0019436516371995616,99805.63483628005,crypto_7day,current_1pct
zero,2026-06-01,0.0,100000.0,crypto_7day,safe_0_25pct
zero,2026-06-02,0.0,100000.0,crypto_7day,safe_0_25pct
zero,2026-06-03,0.0,100000.0,crypto_7day,safe_0_25pct
zero,2026-06-04,0.0,100000.0,crypto_7day,safe_0_25pct
zero,2026-06-05,0.0,100000.0,crypto_7day,safe_0_25pct
zero,2026-06-06,0.0,100000.0,crypto_7day,safe_0_25pct
zero,2026-06-07,0.0,100000.0,crypto_7day,safe_0_25pct
zero,2026-06-08,0.0,100000.0,crypto_7day,safe_0_25pct
zero,2026-06-09,0.0,100000.0,crypto_7day,safe_0_25pct
zero,2026-06-10,0.0,100000.0,crypto_7day,safe_0_25pct
zero,2026-06-11,0.0,100000.0,crypto_7day,safe_0_25pct
zero,2026-06-12,0.0,100000.0,crypto_7day,safe_0_25pct
zero,2026-06-13,0.0,100000.0,crypto_7day,safe_0_25pct
zero,2026-06-14,0.0,100000.0,crypto_7day,safe_0_25pct
zero,2026-06-15,0.0,100000.0,crypto_7day,safe_0_25pct
zero,2026-06-16,0.0,100004.7175065329,crypto_7day,safe_0_25pct
zero,2026-06-17,0.0,100004.7175065329,crypto_7day,safe_0_25pct
zero,2026-06-18,0.0,100004.7175065329,crypto_7day,safe_0_25pct
zero,2026-06-19,0.0,100004.7175065329,crypto_7day,safe_0_25pct
zero,2026-06-20,0.0,100004.7175065329,crypto_7day,safe_0_25pct
zero,2026-06-21,0.0,100004.7175065329,crypto_7day,safe_0_25pct
zero,2026-06-22,0.0,100004.7175065329,crypto_7day,safe_0_25pct
zero,2026-06-23,0.0,100004.7175065329,crypto_7day,safe_0_25pct
zero,2026-06-24,0.0,100004.7175065329,crypto_7day,safe_0_25pct
zero,2026-06-25,0.0,100004.7175065329,crypto_7day,safe_0_25pct
zero,2026-06-26,0.0,100004.7175065329,crypto_7day,safe_0_25pct
zero,2026-06-27,0.0,100004.7175065329,crypto_7day,safe_0_25pct
zero,2026-06-28,0.0,100004.7175065329,crypto_7day,safe_0_25pct
zero,2026-06-29,0.0,100004.7175065329,crypto_7day,safe_0_25pct
zero,2026-06-30,0.0,100004.7175065329,crypto_7day,safe_0_25pct
baseline,2026-06-01,0.0,100000.0,crypto_7day,safe_0_25pct
baseline,2026-06-02,0.0,100000.0,crypto_7day,safe_0_25pct
baseline,2026-06-03,0.0,100000.0,crypto_7day,safe_0_25pct
baseline,2026-06-04,0.0,100000.0,crypto_7day,safe_0_25pct
baseline,2026-06-05,0.0,100000.0,crypto_7day,safe_0_25pct
baseline,2026-06-06,0.0,100000.0,crypto_7day,safe_0_25pct
baseline,2026-06-07,0.0,100000.0,crypto_7day,safe_0_25pct
baseline,2026-06-08,0.0,100000.0,crypto_7day,safe_0_25pct
baseline,2026-06-09,0.0,100000.0,crypto_7day,safe_0_25pct
baseline,2026-06-10,0.0,100000.0,crypto_7day,safe_0_25pct
baseline,2026-06-11,0.0,100000.0,crypto_7day,safe_0_25pct
baseline,2026-06-12,0.0,100000.0,crypto_7day,safe_0_25pct
baseline,2026-06-13,0.0,100000.0,crypto_7day,safe_0_25pct
baseline,2026-06-14,0.0,100000.0,crypto_7day,safe_0_25pct
baseline,2026-06-15,0.0,100000.0,crypto_7day,safe_0_25pct
baseline,2026-06-16,-0.0011018186626929882,99889.8181337307,crypto_7day,safe_0_25pct
baseline,2026-06-17,-0.0011018186626929882,99889.8181337307,crypto_7day,safe_0_25pct
baseline,2026-06-18,-0.0011018186626929882,99889.8181337307,crypto_7day,safe_0_25pct
baseline,2026-06-19,-0.0011018186626929882,99889.8181337307,crypto_7day,safe_0_25pct
baseline,2026-06-20,-0.0011018186626929882,99889.8181337307,crypto_7day,safe_0_25pct
baseline,2026-06-21,-0.0011018186626929882,99889.8181337307,crypto_7day,safe_0_25pct
baseline,2026-06-22,-0.0011018186626929882,99889.8181337307,crypto_7day,safe_0_25pct
baseline,2026-06-23,-0.0011018186626929882,99889.8181337307,crypto_7day,safe_0_25pct
baseline,2026-06-24,-0.0011018186626929882,99889.8181337307,crypto_7day,safe_0_25pct
baseline,2026-06-25,-0.0011018186626929882,99889.8181337307,crypto_7day,safe_0_25pct
baseline,2026-06-26,-0.0011018186626929882,99889.8181337307,crypto_7day,safe_0_25pct
baseline,2026-06-27,-0.0011018186626929882,99889.8181337307,crypto_7day,safe_0_25pct
baseline,2026-06-28,-0.0011018186626929882,99889.8181337307,crypto_7day,safe_0_25pct
baseline,2026-06-29,-0.0011018186626929882,99889.8181337307,crypto_7day,safe_0_25pct
baseline,2026-06-30,-0.0011018186626929882,99889.8181337307,crypto_7day,safe_0_25pct
stressed,2026-06-01,0.0,100000.0,crypto_7day,safe_0_25pct
stressed,2026-06-02,0.0,100000.0,crypto_7day,safe_0_25pct
stressed,2026-06-03,0.0,100000.0,crypto_7day,safe_0_25pct
stressed,2026-06-04,0.0,100000.0,crypto_7day,safe_0_25pct
stressed,2026-06-05,0.0,100000.0,crypto_7day,safe_0_25pct
stressed,2026-06-06,0.0,100000.0,crypto_7day,safe_0_25pct
stressed,2026-06-07,0.0,100000.0,crypto_7day,safe_0_25pct
stressed,2026-06-08,0.0,100000.0,crypto_7day,safe_0_25pct
stressed,2026-06-09,0.0,100000.0,crypto_7day,safe_0_25pct
stressed,2026-06-10,0.0,100000.0,crypto_7day,safe_0_25pct
stressed,2026-06-11,0.0,100000.0,crypto_7day,safe_0_25pct
stressed,2026-06-12,0.0,100000.0,crypto_7day,safe_0_25pct
stressed,2026-06-13,0.0,100000.0,crypto_7day,safe_0_25pct
stressed,2026-06-14,0.0,100000.0,crypto_7day,safe_0_25pct
stressed,2026-06-15,0.0,100000.0,crypto_7day,safe_0_25pct
stressed,2026-06-16,-0.0015942445461308852,99840.5755453869,crypto_7day,safe_0_25pct
stressed,2026-06-17,-0.0015942445461308852,99840.5755453869,crypto_7day,safe_0_25pct
stressed,2026-06-18,-0.0015942445461308852,99840.5755453869,crypto_7day,safe_0_25pct
stressed,2026-06-19,-0.0015942445461308852,99840.5755453869,crypto_7day,safe_0_25pct
stressed,2026-06-20,-0.0015942445461308852,99840.5755453869,crypto_7day,safe_0_25pct
stressed,2026-06-21,-0.0015942445461308852,99840.5755453869,crypto_7day,safe_0_25pct
stressed,2026-06-22,-0.0015942445461308852,99840.5755453869,crypto_7day,safe_0_25pct
stressed,2026-06-23,-0.0015942445461308852,99840.5755453869,crypto_7day,safe_0_25pct
stressed,2026-06-24,-0.0015942445461308852,99840.5755453869,crypto_7day,safe_0_25pct
stressed,2026-06-25,-0.0015942445461308852,99840.5755453869,crypto_7day,safe_0_25pct
stressed,2026-06-26,-0.0015942445461308852,99840.5755453869,crypto_7day,safe_0_25pct
stressed,2026-06-27,-0.0015942445461308852,99840.5755453869,crypto_7day,safe_0_25pct
stressed,2026-06-28,-0.0015942445461308852,99840.5755453869,crypto_7day,safe_0_25pct
stressed,2026-06-29,-0.0015942445461308852,99840.5755453869,crypto_7day,safe_0_25pct
stressed,2026-06-30,-0.0015942445461308852,99840.5755453869,crypto_7day,safe_0_25pct
