date,market,reason,symbol
2022-01-03,stock,pre-inception or indicator warmup,ARM
2022-01-04,stock,pre-inception or indicator warmup,ARM
2022-01-05,stock,pre-inception or indicator warmup,ARM
2022-01-06,stock,pre-inception or indicator warmup,ARM
2022-01-07,stock,pre-inception or indicator warmup,ARM
2022-01-10,stock,pre-inception or indicator warmup,ARM
2022-01-11,stock,pre-inception or indicator warmup,ARM
2022-01-12,stock,pre-inception or indicator warmup,ARM
2022-01-13,stock,pre-inception or indicator warmup,ARM
2022-01-14,stock,pre-inception or indicator warmup,ARM
2022-01-18,stock,pre-inception or indicator warmup,ARM
2022-01-19,stock,pre-inception or indicator warmup,ARM
2022-01-20,stock,pre-inception or indicator warmup,ARM
2022-01-21,stock,pre-inception or indicator warmup,ARM
2022-01-24,stock,pre-inception or indicator warmup,ARM
2022-01-25,stock,pre-inception or indicator warmup,ARM
2022-01-26,stock,pre-inception or indicator warmup,ARM
2022-01-27,stock,pre-inception or indicator warmup,ARM
2022-01-28,stock,pre-inception or indicator warmup,ARM
2022-01-31,stock,pre-inception or indicator warmup,ARM
2022-02-01,stock,pre-inception or indicator warmup,ARM
2022-02-02,stock,pre-inception or indicator warmup,ARM
2022-02-03,stock,pre-inception or indicator warmup,ARM
2022-02-04,stock,pre-inception or indicator warmup,ARM
2022-02-07,stock,pre-inception or indicator warmup,ARM
2022-02-08,stock,pre-inception or indicator warmup,ARM
2022-02-09,stock,pre-inception or indicator warmup,ARM
2022-02-10,stock,pre-inception or indicator warmup,ARM
2022-02-11,stock,pre-inception or indicator warmup,ARM
2022-02-14,stock,pre-inception or indicator warmup,ARM
2022-02-15,stock,pre-inception or indicator warmup,ARM
2022-02-16,stock,pre-inception or indicator warmup,ARM
2022-02-17,stock,pre-inception or indicator warmup,ARM
2022-02-18,stock,pre-inception or indicator warmup,ARM
2022-02-22,stock,pre-inception or indicator warmup,ARM
2022-02-23,stock,pre-inception or indicator warmup,ARM
2022-02-24,stock,pre-inception or indicator warmup,ARM
2022-02-25,stock,pre-inception or indicator warmup,ARM
2022-02-28,stock,pre-inception or indicator warmup,ARM
2022-03-01,stock,pre-inception or indicator warmup,ARM
2022-03-02,stock,pre-inception or indicator warmup,ARM
2022-03-03,stock,pre-inception or indicator warmup,ARM
2022-03-04,stock,pre-inception or indicator warmup,ARM
2022-03-07,stock,pre-inception or indicator warmup,ARM
2022-03-08,stock,pre-inception or indicator warmup,ARM
2022-03-08,stock,insufficient or missing completed hourly data,ETN
2022-03-08,stock,insufficient or missing completed hourly data,PNC
2022-03-08,stock,insufficient or missing completed hourly data,SPGI
2022-03-09,stock,pre-inception or indicator warmup,ARM
2022-03-10,stock,pre-inception or indicator warmup,ARM
2022-03-11,stock,pre-inception or indicator warmup,ARM
2022-03-14,stock,pre-inception or indicator warmup,ARM
2022-03-15,stock,pre-inception or indicator warmup,ARM
2022-03-16,stock,pre-inception or indicator warmup,ARM
2022-03-17,stock,pre-inception or indicator warmup,ARM
2022-03-18,stock,pre-inception or indicator warmup,ARM
2022-03-21,stock,pre-inception or indicator warmup,ARM
2022-03-22,stock,pre-inception or indicator warmup,ARM
2022-03-23,stock,pre-inception or indicator warmup,ARM
2022-03-24,stock,pre-inception or indicator warmup,ARM
2022-03-25,stock,pre-inception or indicator warmup,ARM
2022-03-28,stock,pre-inception or indicator warmup,ARM
2022-03-29,stock,pre-inception or indicator warmup,ARM
2022-03-30,stock,pre-inception or indicator warmup,ARM
2022-03-31,stock,pre-inception or indicator warmup,ARM
2022-04-01,stock,pre-inception or indicator warmup,ARM
2022-04-04,stock,pre-inception or indicator warmup,ARM
2022-04-05,stock,pre-inception or indicator warmup,ARM
2022-04-06,stock,pre-inception or indicator warmup,ARM
2022-04-07,stock,pre-inception or indicator warmup,ARM
2022-04-08,stock,pre-inception or indicator warmup,ARM
2022-04-11,stock,pre-inception or indicator warmup,ARM
2022-04-12,stock,pre-inception or indicator warmup,ARM
2022-04-13,stock,pre-inception or indicator warmup,ARM
2022-04-14,stock,pre-inception or indicator warmup,ARM
2022-04-18,stock,pre-inception or indicator warmup,ARM
2022-04-19,stock,pre-inception or indicator warmup,ARM
2022-04-20,stock,pre-inception or indicator warmup,ARM
2022-04-21,stock,pre-inception or indicator warmup,ARM
2022-04-22,stock,pre-inception or indicator warmup,ARM
2022-04-25,stock,pre-inception or indicator warmup,ARM
2022-04-26,stock,pre-inception or indicator warmup,ARM
2022-04-27,stock,pre-inception or indicator warmup,ARM
2022-04-28,stock,pre-inception or indicator warmup,ARM
2022-04-29,stock,pre-inception or indicator warmup,ARM
2022-05-02,stock,pre-inception or indicator warmup,ARM
2022-05-03,stock,pre-inception or indicator warmup,ARM
2022-05-04,stock,pre-inception or indicator warmup,ARM
2022-05-05,stock,pre-inception or indicator warmup,ARM
2022-05-06,stock,pre-inception or indicator warmup,ARM
2022-05-09,stock,pre-inception or indicator warmup,ARM
2022-05-10,stock,pre-inception or indicator warmup,ARM
2022-05-11,stock,pre-inception or indicator warmup,ARM
2022-05-12,stock,pre-inception or indicator warmup,ARM
2022-05-13,stock,pre-inception or indicator warmup,ARM
2022-05-16,stock,pre-inception or indicator warmup,ARM
2022-05-17,stock,pre-inception or indicator warmup,ARM
2022-05-18,stock,pre-inception or indicator warmup,ARM
2022-05-19,stock,pre-inception or indicator warmup,ARM
2022-05-20,stock,pre-inception or indicator warmup,ARM
2022-05-23,stock,pre-inception or indicator warmup,ARM
2022-05-24,stock,pre-inception or indicator warmup,ARM
2022-05-25,stock,pre-inception or indicator warmup,ARM
2022-05-26,stock,pre-inception or indicator warmup,ARM
2022-05-27,stock,pre-inception or indicator warmup,ARM
2022-05-31,stock,pre-inception or indicator warmup,ARM
2022-06-01,stock,pre-inception or indicator warmup,ARM
2022-06-02,stock,pre-inception or indicator warmup,ARM
2022-06-03,stock,pre-inception or indicator warmup,ARM
2022-06-06,stock,pre-inception or indicator warmup,ARM
2022-06-07,stock,pre-inception or indicator warmup,ARM
2022-06-08,stock,pre-inception or indicator warmup,ARM
2022-06-09,stock,pre-inception or indicator warmup,ARM
2022-06-10,stock,pre-inception or indicator warmup,ARM
2022-06-13,stock,pre-inception or indicator warmup,ARM
2022-06-14,stock,pre-inception or indicator warmup,ARM
2022-06-15,stock,pre-inception or indicator warmup,ARM
2022-06-16,stock,pre-inception or indicator warmup,ARM
2022-06-17,stock,pre-inception or indicator warmup,ARM
2022-06-21,stock,pre-inception or indicator warmup,ARM
2022-06-22,stock,pre-inception or indicator warmup,ARM
2022-06-23,stock,pre-inception or indicator warmup,ARM
2022-06-24,stock,pre-inception or indicator warmup,ARM
2022-06-27,stock,pre-inception or indicator warmup,ARM
2022-06-28,stock,pre-inception or indicator warmup,ARM
2022-06-29,stock,pre-inception or indicator warmup,ARM
2022-06-30,stock,pre-inception or indicator warmup,ARM
2022-07-01,stock,pre-inception or indicator warmup,ARM
2022-07-05,stock,pre-inception or indicator warmup,ARM
2022-07-06,stock,pre-inception or indicator warmup,ARM
2022-07-07,stock,pre-inception or indicator warmup,ARM
2022-07-08,stock,pre-inception or indicator warmup,ARM
2022-07-11,stock,pre-inception or indicator warmup,ARM
2022-07-12,stock,pre-inception or indicator warmup,ARM
2022-07-13,stock,pre-inception or indicator warmup,ARM
2022-07-14,stock,pre-inception or indicator warmup,ARM
2022-07-15,stock,pre-inception or indicator warmup,ARM
2022-07-18,stock,pre-inception or indicator warmup,ARM
2022-07-19,stock,pre-inception or indicator warmup,ARM
2022-07-20,stock,pre-inception or indicator warmup,ARM
2022-07-21,stock,pre-inception or indicator warmup,ARM
2022-07-22,stock,pre-inception or indicator warmup,ARM
2022-07-25,stock,pre-inception or indicator warmup,ARM
2022-07-26,stock,pre-inception or indicator warmup,ARM
2022-07-27,stock,pre-inception or indicator warmup,ARM
2022-07-28,stock,pre-inception or indicator warmup,ARM
2022-07-29,stock,pre-inception or indicator warmup,ARM
2022-08-01,stock,pre-inception or indicator warmup,ARM
2022-08-02,stock,pre-inception or indicator warmup,ARM
2022-08-03,stock,pre-inception or indicator warmup,ARM
2022-08-04,stock,pre-inception or indicator warmup,ARM
2022-08-05,stock,pre-inception or indicator warmup,ARM
2022-08-08,stock,pre-inception or indicator warmup,ARM
2022-08-09,stock,pre-inception or indicator warmup,ARM
2022-08-10,stock,pre-inception or indicator warmup,ARM
2022-08-11,stock,pre-inception or indicator warmup,ARM
2022-08-12,stock,pre-inception or indicator warmup,ARM
2022-08-15,stock,pre-inception or indicator warmup,ARM
2022-08-16,stock,pre-inception or indicator warmup,ARM
2022-08-17,stock,pre-inception or indicator warmup,ARM
2022-08-18,stock,pre-inception or indicator warmup,ARM
2022-08-19,stock,pre-inception or indicator warmup,ARM
2022-08-22,stock,pre-inception or indicator warmup,ARM
2022-08-23,stock,pre-inception or indicator warmup,ARM
2022-08-24,stock,pre-inception or indicator warmup,ARM
2022-08-25,stock,pre-inception or indicator warmup,ARM
2022-08-26,stock,pre-inception or indicator warmup,ARM
2022-08-29,stock,pre-inception or indicator warmup,ARM
2022-08-30,stock,pre-inception or indicator warmup,ARM
2022-08-31,stock,pre-inception or indicator warmup,ARM
2022-09-01,stock,pre-inception or indicator warmup,ARM
2022-09-02,stock,pre-inception or indicator warmup,ARM
2022-09-06,stock,pre-inception or indicator warmup,ARM
2022-09-07,stock,pre-inception or indicator warmup,ARM
2022-09-08,stock,pre-inception or indicator warmup,ARM
2022-09-09,stock,pre-inception or indicator warmup,ARM
2022-09-12,stock,pre-inception or indicator warmup,ARM
2022-09-13,stock,pre-inception or indicator warmup,ARM
2022-09-14,stock,pre-inception or indicator warmup,ARM
2022-09-15,stock,pre-inception or indicator warmup,ARM
2022-09-16,stock,pre-inception or indicator warmup,ARM
2022-09-19,stock,pre-inception or indicator warmup,ARM
2022-09-20,stock,pre-inception or indicator warmup,ARM
2022-09-21,stock,pre-inception or indicator warmup,ARM
2022-09-22,stock,pre-inception or indicator warmup,ARM
2022-09-23,stock,pre-inception or indicator warmup,ARM
2022-09-26,stock,pre-inception or indicator warmup,ARM
2022-09-27,stock,pre-inception or indicator warmup,ARM
2022-09-28,stock,pre-inception or indicator warmup,ARM
2022-09-29,stock,pre-inception or indicator warmup,ARM
2022-09-30,stock,pre-inception or indicator warmup,ARM
2022-10-03,stock,pre-inception or indicator warmup,ARM
2022-10-04,stock,pre-inception or indicator warmup,ARM
2022-10-05,stock,pre-inception or indicator warmup,ARM
2022-10-06,stock,pre-inception or indicator warmup,ARM
2022-10-07,stock,pre-inception or indicator warmup,ARM
2022-10-10,stock,pre-inception or indicator warmup,ARM
2022-10-11,stock,pre-inception or indicator warmup,ARM
2022-10-12,stock,pre-inception or indicator warmup,ARM
2022-10-13,stock,pre-inception or indicator warmup,ARM
2022-10-14,stock,pre-inception or indicator warmup,ARM
2022-10-17,stock,pre-inception or indicator warmup,ARM
2022-10-18,stock,pre-inception or indicator warmup,ARM
2022-10-19,stock,pre-inception or indicator warmup,ARM
2022-10-20,stock,pre-inception or indicator warmup,ARM
2022-10-21,stock,pre-inception or indicator warmup,ARM
2022-10-24,stock,pre-inception or indicator warmup,ARM
2022-10-25,stock,pre-inception or indicator warmup,ARM
2022-10-26,stock,pre-inception or indicator warmup,ARM
2022-10-27,stock,pre-inception or indicator warmup,ARM
2022-10-28,stock,pre-inception or indicator warmup,ARM
2022-10-31,stock,pre-inception or indicator warmup,ARM
2022-11-01,stock,pre-inception or indicator warmup,ARM
2022-11-02,stock,pre-inception or indicator warmup,ARM
2022-11-03,stock,pre-inception or indicator warmup,ARM
2022-11-04,stock,pre-inception or indicator warmup,ARM
2022-11-07,stock,pre-inception or indicator warmup,ARM
2022-11-08,stock,pre-inception or indicator warmup,ARM
2022-11-09,stock,pre-inception or indicator warmup,ARM
2022-11-10,stock,pre-inception or indicator warmup,ARM
2022-11-11,stock,pre-inception or indicator warmup,ARM
2022-11-14,stock,pre-inception or indicator warmup,ARM
2022-11-15,stock,pre-inception or indicator warmup,ARM
2022-11-16,stock,pre-inception or indicator warmup,ARM
2022-11-17,stock,pre-inception or indicator warmup,ARM
2022-11-18,stock,pre-inception or indicator warmup,ARM
2022-11-21,stock,pre-inception or indicator warmup,ARM
2022-11-22,stock,pre-inception or indicator warmup,ARM
2022-11-23,stock,pre-inception or indicator warmup,ARM
2022-11-25,stock,pre-inception or indicator warmup,ARM
2022-11-28,stock,pre-inception or indicator warmup,ARM
2022-11-29,stock,pre-inception or indicator warmup,ARM
2022-11-30,stock,pre-inception or indicator warmup,ARM
2022-12-01,stock,pre-inception or indicator warmup,ARM
2022-12-02,stock,pre-inception or indicator warmup,ARM
2022-12-05,stock,pre-inception or indicator warmup,ARM
2022-12-06,stock,pre-inception or indicator warmup,ARM
2022-12-07,stock,pre-inception or indicator warmup,ARM
2022-12-08,stock,pre-inception or indicator warmup,ARM
2022-12-09,stock,pre-inception or indicator warmup,ARM
2022-12-12,stock,pre-inception or indicator warmup,ARM
2022-12-13,stock,pre-inception or indicator warmup,ARM
2022-12-14,stock,pre-inception or indicator warmup,ARM
2022-12-15,stock,pre-inception or indicator warmup,ARM
2022-12-16,stock,pre-inception or indicator warmup,ARM
2022-12-19,stock,pre-inception or indicator warmup,ARM
2022-12-20,stock,pre-inception or indicator warmup,ARM
2022-12-21,stock,pre-inception or indicator warmup,ARM
2022-12-22,stock,pre-inception or indicator warmup,ARM
2022-12-23,stock,pre-inception or indicator warmup,ARM
2022-12-27,stock,pre-inception or indicator warmup,ARM
2022-12-28,stock,pre-inception or indicator warmup,ARM
2022-12-29,stock,pre-inception or indicator warmup,ARM
2022-12-30,stock,pre-inception or indicator warmup,ARM
2023-01-03,stock,pre-inception or indicator warmup,ARM
2023-01-04,stock,pre-inception or indicator warmup,ARM
2023-01-05,stock,pre-inception or indicator warmup,ARM
2023-01-06,stock,pre-inception or indicator warmup,ARM
2023-01-09,stock,pre-inception or indicator warmup,ARM
2023-01-10,stock,pre-inception or indicator warmup,ARM
2023-01-11,stock,pre-inception or indicator warmup,ARM
2023-01-12,stock,pre-inception or indicator warmup,ARM
2023-01-13,stock,pre-inception or indicator warmup,ARM
2023-01-17,stock,pre-inception or indicator warmup,ARM
2023-01-18,stock,pre-inception or indicator warmup,ARM
2023-01-19,stock,pre-inception or indicator warmup,ARM
2023-01-20,stock,pre-inception or indicator warmup,ARM
2023-01-23,stock,pre-inception or indicator warmup,ARM
2023-01-24,stock,pre-inception or indicator warmup,ARM
2023-01-25,stock,pre-inception or indicator warmup,ARM
2023-01-26,stock,pre-inception or indicator warmup,ARM
2023-01-27,stock,pre-inception or indicator warmup,ARM
2023-01-30,stock,pre-inception or indicator warmup,ARM
2023-01-31,stock,pre-inception or indicator warmup,ARM
2023-02-01,stock,pre-inception or indicator warmup,ARM
2023-02-02,stock,pre-inception or indicator warmup,ARM
2023-02-03,stock,pre-inception or indicator warmup,ARM
2023-02-06,stock,pre-inception or indicator warmup,ARM
2023-02-07,stock,pre-inception or indicator warmup,ARM
2023-02-08,stock,pre-inception or indicator warmup,ARM
2023-02-09,stock,pre-inception or indicator warmup,ARM
2023-02-10,stock,pre-inception or indicator warmup,ARM
2023-02-13,stock,pre-inception or indicator warmup,ARM
2023-02-14,stock,pre-inception or indicator warmup,ARM
2023-02-15,stock,pre-inception or indicator warmup,ARM
2023-02-16,stock,pre-inception or indicator warmup,ARM
2023-02-17,stock,pre-inception or indicator warmup,ARM
2023-02-21,stock,pre-inception or indicator warmup,ARM
2023-02-22,stock,pre-inception or indicator warmup,ARM
2023-02-23,stock,pre-inception or indicator warmup,ARM
2023-02-24,stock,pre-inception or indicator warmup,ARM
2023-02-27,stock,pre-inception or indicator warmup,ARM
2023-02-28,stock,pre-inception or indicator warmup,ARM
2023-03-01,stock,pre-inception or indicator warmup,ARM
2023-03-02,stock,pre-inception or indicator warmup,ARM
2023-03-03,stock,pre-inception or indicator warmup,ARM
2023-03-06,stock,pre-inception or indicator warmup,ARM
2023-03-07,stock,pre-inception or indicator warmup,ARM
2023-03-08,stock,pre-inception or indicator warmup,ARM
2023-03-09,stock,pre-inception or indicator warmup,ARM
2023-03-10,stock,pre-inception or indicator warmup,ARM
2023-03-13,stock,pre-inception or indicator warmup,ARM
2023-03-14,stock,pre-inception or indicator warmup,ARM
2023-03-15,stock,pre-inception or indicator warmup,ARM
2023-03-16,stock,pre-inception or indicator warmup,ARM
2023-03-17,stock,pre-inception or indicator warmup,ARM
2023-03-20,stock,pre-inception or indicator warmup,ARM
2023-03-21,stock,pre-inception or indicator warmup,ARM
2023-03-22,stock,pre-inception or indicator warmup,ARM
2023-03-23,stock,pre-inception or indicator warmup,ARM
2023-03-24,stock,pre-inception or indicator warmup,ARM
2023-03-27,stock,pre-inception or indicator warmup,ARM
2023-03-28,stock,pre-inception or indicator warmup,ARM
2023-03-29,stock,pre-inception or indicator warmup,ARM
2023-03-30,stock,pre-inception or indicator warmup,ARM
2023-03-31,stock,pre-inception or indicator warmup,ARM
2023-04-03,stock,pre-inception or indicator warmup,ARM
2023-04-04,stock,pre-inception or indicator warmup,ARM
2023-04-05,stock,pre-inception or indicator warmup,ARM
2023-04-06,stock,pre-inception or indicator warmup,ARM
2023-04-10,stock,pre-inception or indicator warmup,ARM
2023-04-11,stock,pre-inception or indicator warmup,ARM
2023-04-12,stock,pre-inception or indicator warmup,ARM
2023-04-13,stock,pre-inception or indicator warmup,ARM
2023-04-14,stock,pre-inception or indicator warmup,ARM
2023-04-17,stock,pre-inception or indicator warmup,ARM
2023-04-18,stock,pre-inception or indicator warmup,ARM
2023-04-19,stock,pre-inception or indicator warmup,ARM
2023-04-20,stock,pre-inception or indicator warmup,ARM
2023-04-21,stock,pre-inception or indicator warmup,ARM
2023-04-24,stock,pre-inception or indicator warmup,ARM
2023-04-25,stock,pre-inception or indicator warmup,ARM
2023-04-26,stock,pre-inception or indicator warmup,ARM
2023-04-27,stock,pre-inception or indicator warmup,ARM
2023-04-28,stock,pre-inception or indicator warmup,ARM
2023-05-01,stock,pre-inception or indicator warmup,ARM
2023-05-02,stock,pre-inception or indicator warmup,ARM
2023-05-03,stock,pre-inception or indicator warmup,ARM
2023-05-04,stock,pre-inception or indicator warmup,ARM
2023-05-05,stock,pre-inception or indicator warmup,ARM
2023-05-08,stock,pre-inception or indicator warmup,ARM
2023-05-09,stock,pre-inception or indicator warmup,ARM
2023-05-10,stock,pre-inception or indicator warmup,ARM
2023-05-11,stock,pre-inception or indicator warmup,ARM
2023-05-12,stock,pre-inception or indicator warmup,ARM
2023-05-15,stock,pre-inception or indicator warmup,ARM
2023-05-16,stock,pre-inception or indicator warmup,ARM
2023-05-17,stock,pre-inception or indicator warmup,ARM
2023-05-18,stock,pre-inception or indicator warmup,ARM
2023-05-19,stock,pre-inception or indicator warmup,ARM
2023-05-22,stock,pre-inception or indicator warmup,ARM
2023-05-23,stock,pre-inception or indicator warmup,ARM
2023-05-24,stock,pre-inception or indicator warmup,ARM
2023-05-25,stock,pre-inception or indicator warmup,ARM
2023-05-26,stock,pre-inception or indicator warmup,ARM
2023-05-30,stock,pre-inception or indicator warmup,ARM
2023-05-31,stock,pre-inception or indicator warmup,ARM
2023-06-01,stock,pre-inception or indicator warmup,ARM
2023-06-02,stock,pre-inception or indicator warmup,ARM
2023-06-05,stock,pre-inception or indicator warmup,ARM
2023-06-06,stock,pre-inception or indicator warmup,ARM
2023-06-07,stock,pre-inception or indicator warmup,ARM
2023-06-08,stock,pre-inception or indicator warmup,ARM
2023-06-09,stock,pre-inception or indicator warmup,ARM
2023-06-12,stock,pre-inception or indicator warmup,ARM
2023-06-13,stock,pre-inception or indicator warmup,ARM
2023-06-14,stock,pre-inception or indicator warmup,ARM
2023-06-15,stock,pre-inception or indicator warmup,ARM
2023-06-16,stock,pre-inception or indicator warmup,ARM
2023-06-20,stock,pre-inception or indicator warmup,ARM
2023-06-21,stock,pre-inception or indicator warmup,ARM
2023-06-22,stock,pre-inception or indicator warmup,ARM
2023-06-23,stock,pre-inception or indicator warmup,ARM
2023-06-26,stock,pre-inception or indicator warmup,ARM
2023-06-27,stock,pre-inception or indicator warmup,ARM
2023-06-28,stock,pre-inception or indicator warmup,ARM
2023-06-29,stock,pre-inception or indicator warmup,ARM
2023-06-30,stock,pre-inception or indicator warmup,ARM
2023-07-03,stock,pre-inception or indicator warmup,ARM
2023-07-05,stock,pre-inception or indicator warmup,ARM
2023-07-06,stock,pre-inception or indicator warmup,ARM
2023-07-07,stock,pre-inception or indicator warmup,ARM
2023-07-10,stock,pre-inception or indicator warmup,ARM
2023-07-11,stock,pre-inception or indicator warmup,ARM
2023-07-12,stock,pre-inception or indicator warmup,ARM
2023-07-13,stock,pre-inception or indicator warmup,ARM
2023-07-14,stock,pre-inception or indicator warmup,ARM
2023-07-17,stock,pre-inception or indicator warmup,ARM
2023-07-18,stock,pre-inception or indicator warmup,ARM
2023-07-19,stock,pre-inception or indicator warmup,ARM
2023-07-20,stock,pre-inception or indicator warmup,ARM
2023-07-21,stock,pre-inception or indicator warmup,ARM
2023-07-24,stock,pre-inception or indicator warmup,ARM
2023-07-25,stock,pre-inception or indicator warmup,ARM
2023-07-26,stock,pre-inception or indicator warmup,ARM
2023-07-27,stock,pre-inception or indicator warmup,ARM
2023-07-28,stock,pre-inception or indicator warmup,ARM
2023-07-31,stock,pre-inception or indicator warmup,ARM
2023-08-01,stock,pre-inception or indicator warmup,ARM
2023-08-02,stock,pre-inception or indicator warmup,ARM
2023-08-03,stock,pre-inception or indicator warmup,ARM
2023-08-04,stock,pre-inception or indicator warmup,ARM
2023-08-07,stock,pre-inception or indicator warmup,ARM
2023-08-08,stock,pre-inception or indicator warmup,ARM
2023-08-09,stock,pre-inception or indicator warmup,ARM
2023-08-10,stock,pre-inception or indicator warmup,ARM
2023-08-11,stock,pre-inception or indicator warmup,ARM
2023-08-14,stock,pre-inception or indicator warmup,ARM
2023-08-15,stock,pre-inception or indicator warmup,ARM
2023-08-16,stock,pre-inception or indicator warmup,ARM
2023-08-17,stock,pre-inception or indicator warmup,ARM
2023-08-18,stock,pre-inception or indicator warmup,ARM
2023-08-21,stock,pre-inception or indicator warmup,ARM
2023-08-22,stock,pre-inception or indicator warmup,ARM
2023-08-23,stock,pre-inception or indicator warmup,ARM
2023-08-24,stock,pre-inception or indicator warmup,ARM
2023-08-25,stock,pre-inception or indicator warmup,ARM
2023-08-28,stock,pre-inception or indicator warmup,ARM
2023-08-29,stock,pre-inception or indicator warmup,ARM
2023-08-30,stock,pre-inception or indicator warmup,ARM
2023-08-31,stock,pre-inception or indicator warmup,ARM
2023-09-01,stock,pre-inception or indicator warmup,ARM
2023-09-05,stock,pre-inception or indicator warmup,ARM
2023-09-06,stock,pre-inception or indicator warmup,ARM
2023-09-07,stock,pre-inception or indicator warmup,ARM
2023-09-08,stock,pre-inception or indicator warmup,ARM
2023-09-11,stock,pre-inception or indicator warmup,ARM
2023-09-12,stock,pre-inception or indicator warmup,ARM
2023-09-13,stock,pre-inception or indicator warmup,ARM
2023-09-14,stock,pre-inception or indicator warmup,ARM
2023-09-15,stock,pre-inception or indicator warmup,ARM
2023-09-18,stock,pre-inception or indicator warmup,ARM
2023-09-19,stock,pre-inception or indicator warmup,ARM
2023-09-20,stock,pre-inception or indicator warmup,ARM
2023-09-21,stock,pre-inception or indicator warmup,ARM
2023-09-22,stock,pre-inception or indicator warmup,ARM
2023-09-25,stock,pre-inception or indicator warmup,ARM
2023-09-26,stock,pre-inception or indicator warmup,ARM
2023-09-27,stock,pre-inception or indicator warmup,ARM
2023-09-28,stock,pre-inception or indicator warmup,ARM
2023-09-29,stock,pre-inception or indicator warmup,ARM
2023-10-02,stock,pre-inception or indicator warmup,ARM
