cost_model,mode,net_pnl,period,portfolio
zero,stock_only,-3584.5144000000223,2022Q1,current_1pct
zero,stock_only,-2639.8194999999987,2022Q2,current_1pct
zero,stock_only,6982.094899999987,2022Q3,current_1pct
zero,stock_only,-2406.732899999985,2022Q4,current_1pct
zero,stock_only,2290.623399999983,2023Q1,current_1pct
zero,stock_only,-226.43809999998905,2023Q2,current_1pct
zero,stock_only,-361.55949999999905,2023Q3,current_1pct
zero,stock_only,1330.1623999999952,2023Q4,current_1pct
zero,stock_only,0.03999999999999915,2024Q1,current_1pct
zero,stock_only,0.0,2024Q2,current_1pct
zero,stock_only,0.12500000000000178,2024Q3,current_1pct
zero,stock_only,-0.28999999999999915,2024Q4,current_1pct
zero,stock_only,-0.2350000000000012,2025Q1,current_1pct
zero,stock_only,-104.57190000000024,2025Q2,current_1pct
zero,stock_only,49.08630000000066,2025Q3,current_1pct
zero,stock_only,-9.33759999999981,2025Q4,current_1pct
zero,stock_only,-6.86460000000023,2026Q1,current_1pct
zero,stock_only,-246.79000000000156,2026Q2,current_1pct
zero,stock_only,0.0,2026Q3,current_1pct
baseline,stock_only,-5581.099624950021,2022Q1,current_1pct
baseline,stock_only,-3957.4434666499988,2022Q2,current_1pct
baseline,stock_only,5149.105747349988,2022Q3,current_1pct
baseline,stock_only,-3934.267747899985,2022Q4,current_1pct
baseline,stock_only,401.06683739998437,2023Q1,current_1pct
baseline,stock_only,-1231.14237669999,2023Q2,current_1pct
baseline,stock_only,-406.4290874999991,2023Q3,current_1pct
baseline,stock_only,945.1410473999958,2023Q4,current_1pct
baseline,stock_only,-8.083012850000017,2024Q1,current_1pct
baseline,stock_only,16.77925975000001,2024Q2,current_1pct
baseline,stock_only,-4.026236800000022,2024Q3,current_1pct
baseline,stock_only,-6.240555799999985,2024Q4,current_1pct
baseline,stock_only,-8.999897950000044,2025Q1,current_1pct
baseline,stock_only,-107.35577395000014,2025Q2,current_1pct
baseline,stock_only,4.4853570500004265,2025Q3,current_1pct
baseline,stock_only,-33.61479429999989,2025Q4,current_1pct
baseline,stock_only,-42.91425315000005,2026Q1,current_1pct
baseline,stock_only,-346.6030248000013,2026Q2,current_1pct
baseline,stock_only,7.1577816500000075,2026Q3,current_1pct
stressed,stock_only,-8680.44493775002,2022Q1,current_1pct
stressed,stock_only,-5917.319357749999,2022Q2,current_1pct
stressed,stock_only,2496.3768184099877,2022Q3,current_1pct
stressed,stock_only,-6015.358719579987,2022Q4,current_1pct
stressed,stock_only,-2073.7563280700138,2023Q1,current_1pct
stressed,stock_only,-2468.962643489992,2023Q2,current_1pct
stressed,stock_only,-441.48914899999914,2023Q3,current_1pct
stressed,stock_only,450.29436981999606,2023Q4,current_1pct
stressed,stock_only,-17.217103280000003,2024Q1,current_1pct
stressed,stock_only,-3.2237586600000627,2024Q2,current_1pct
stressed,stock_only,-6.656780000000021,2024Q3,current_1pct
stressed,stock_only,-8.983510329999923,2024Q4,current_1pct
stressed,stock_only,-5.304189860000046,2025Q1,current_1pct
stressed,stock_only,-47.48251098999996,2025Q2,current_1pct
stressed,stock_only,-14.020482399999795,2025Q3,current_1pct
stressed,stock_only,-5.921712279999979,2025Q4,current_1pct
stressed,stock_only,1.0108764700000243,2026Q1,current_1pct
stressed,stock_only,-597.9793147900033,2026Q2,current_1pct
stressed,stock_only,5.597762749999996,2026Q3,current_1pct
zero,stock_only,-1153.7219000000173,2022Q1,safe_0_25pct
zero,stock_only,-2487.290899999998,2022Q2,safe_0_25pct
zero,stock_only,4299.222799999987,2022Q3,safe_0_25pct
zero,stock_only,-1015.5226999999854,2022Q4,safe_0_25pct
zero,stock_only,2370.2135999999855,2023Q1,safe_0_25pct
zero,stock_only,2269.6118000000106,2023Q2,safe_0_25pct
zero,stock_only,157.44679999999676,2023Q3,safe_0_25pct
zero,stock_only,1724.4928000000025,2023Q4,safe_0_25pct
zero,stock_only,216.56040000000013,2024Q1,safe_0_25pct
zero,stock_only,452.70559999999955,2024Q2,safe_0_25pct
zero,stock_only,2.427199999996674,2024Q3,safe_0_25pct
zero,stock_only,560.7345000000007,2024Q4,safe_0_25pct
zero,stock_only,-6.646900000000052,2025Q1,safe_0_25pct
zero,stock_only,-1479.661699999998,2025Q2,safe_0_25pct
zero,stock_only,400.07980000001385,2025Q3,safe_0_25pct
zero,stock_only,363.9047999999981,2025Q4,safe_0_25pct
zero,stock_only,-859.7993000000035,2026Q1,safe_0_25pct
zero,stock_only,-28.363100000003016,2026Q2,safe_0_25pct
zero,stock_only,711.6940000000017,2026Q3,safe_0_25pct
baseline,stock_only,-2937.700774900017,2022Q1,safe_0_25pct
baseline,stock_only,-3741.2714915499982,2022Q2,safe_0_25pct
baseline,stock_only,2775.6680218499873,2022Q3,safe_0_25pct
baseline,stock_only,-2423.4956893999865,2022Q4,safe_0_25pct
baseline,stock_only,597.7778405499862,2023Q1,safe_0_25pct
baseline,stock_only,739.7609760500094,2023Q2,safe_0_25pct
baseline,stock_only,-177.7181509000033,2023Q3,safe_0_25pct
baseline,stock_only,767.5983810000025,2023Q4,safe_0_25pct
baseline,stock_only,91.66610724999987,2024Q1,safe_0_25pct
baseline,stock_only,128.01689824999954,2024Q2,safe_0_25pct
baseline,stock_only,-243.03267455000275,2024Q3,safe_0_25pct
baseline,stock_only,380.6486827500004,2024Q4,safe_0_25pct
baseline,stock_only,-4.661444349999999,2025Q1,safe_0_25pct
baseline,stock_only,-1988.7416814499993,2025Q2,safe_0_25pct
baseline,stock_only,-501.3463729499889,2025Q3,safe_0_25pct
baseline,stock_only,-657.9052556000015,2025Q4,safe_0_25pct
baseline,stock_only,-1144.491032300003,2026Q1,safe_0_25pct
baseline,stock_only,-396.937518850002,2026Q2,safe_0_25pct
baseline,stock_only,431.3607499500013,2026Q3,safe_0_25pct
stressed,stock_only,-5741.436619990017,2022Q1,safe_0_25pct
stressed,stock_only,-5625.830600129999,2022Q2,safe_0_25pct
stressed,stock_only,575.7901082199879,2022Q3,safe_0_25pct
stressed,stock_only,-4386.100014249988,2022Q4,safe_0_25pct
stressed,stock_only,-1769.671393260012,2023Q1,safe_0_25pct
stressed,stock_only,-1165.6925921299917,2023Q2,safe_0_25pct
stressed,stock_only,-694.667792560002,2023Q3,safe_0_25pct
stressed,stock_only,-439.09397266999787,2023Q4,safe_0_25pct
stressed,stock_only,-320.60582777999997,2024Q1,safe_0_25pct
stressed,stock_only,-184.1366036800002,2024Q2,safe_0_25pct
stressed,stock_only,-410.4860916500018,2024Q3,safe_0_25pct
stressed,stock_only,173.07676767000035,2024Q4,safe_0_25pct
stressed,stock_only,-3.3661338600000397,2025Q1,safe_0_25pct
stressed,stock_only,-2648.4631180599968,2025Q2,safe_0_25pct
stressed,stock_only,-1231.9975417599926,2025Q3,safe_0_25pct
stressed,stock_only,-1212.9013012599996,2025Q4,safe_0_25pct
stressed,stock_only,-1259.084306200002,2026Q1,safe_0_25pct
stressed,stock_only,-722.9088738100011,2026Q2,safe_0_25pct
stressed,stock_only,73.33424250000105,2026Q3,safe_0_25pct
zero,crypto_weekends,-120.69026953188742,2022Q1,current_1pct
zero,crypto_weekends,-757.419860025725,2022Q2,current_1pct
zero,crypto_weekends,-2108.8467205159045,2022Q3,current_1pct
zero,crypto_weekends,180.1638388802534,2022Q4,current_1pct
zero,crypto_weekends,-75.77065774910864,2023Q1,current_1pct
zero,crypto_weekends,-640.0102832566133,2023Q2,current_1pct
zero,crypto_weekends,-205.945651402786,2023Q3,current_1pct
zero,crypto_weekends,-2012.9423280919968,2023Q4,current_1pct
zero,crypto_weekends,3.1414440510654345,2024Q1,current_1pct
zero,crypto_weekends,61.38909997408154,2024Q2,current_1pct
zero,crypto_weekends,-373.2394611605718,2024Q3,current_1pct
zero,crypto_weekends,-43.3704208137014,2024Q4,current_1pct
zero,crypto_weekends,-88.09580842302334,2025Q1,current_1pct
zero,crypto_weekends,1966.7696355920623,2025Q2,current_1pct
zero,crypto_weekends,-531.5285679363163,2025Q3,current_1pct
zero,crypto_weekends,-19.53259946996303,2025Q4,current_1pct
zero,crypto_weekends,74.06087781651456,2026Q1,current_1pct
zero,crypto_weekends,846.5221962307312,2026Q2,current_1pct
zero,crypto_weekends,-611.6615438608352,2026Q3,current_1pct
baseline,crypto_weekends,-259.4786848472427,2022Q1,current_1pct
baseline,crypto_weekends,-1028.2104938669404,2022Q2,current_1pct
baseline,crypto_weekends,-2773.5965039792113,2022Q3,current_1pct
baseline,crypto_weekends,-91.47643243113197,2022Q4,current_1pct
baseline,crypto_weekends,-1532.6043281903544,2023Q1,current_1pct
baseline,crypto_weekends,-1013.738590365268,2023Q2,current_1pct
baseline,crypto_weekends,-262.4226911929468,2023Q3,current_1pct
baseline,crypto_weekends,-2486.400265291116,2023Q4,current_1pct
baseline,crypto_weekends,-356.2550264677525,2024Q1,current_1pct
baseline,crypto_weekends,-193.4006443615669,2024Q2,current_1pct
baseline,crypto_weekends,-854.0227351464948,2024Q3,current_1pct
baseline,crypto_weekends,-795.6026607976071,2024Q4,current_1pct
baseline,crypto_weekends,-207.04573976982277,2025Q1,current_1pct
baseline,crypto_weekends,1343.5421429741682,2025Q2,current_1pct
baseline,crypto_weekends,-1241.7909503392743,2025Q3,current_1pct
baseline,crypto_weekends,-264.8178028241,2025Q4,current_1pct
baseline,crypto_weekends,-423.7798981846373,2026Q1,current_1pct
baseline,crypto_weekends,282.9101692583143,2026Q2,current_1pct
baseline,crypto_weekends,-1047.8760932844577,2026Q3,current_1pct
stressed,crypto_weekends,-318.9594342681092,2022Q1,current_1pct
stressed,crypto_weekends,-1144.0320298322176,2022Q2,current_1pct
stressed,crypto_weekends,-3055.751113635482,2022Q3,current_1pct
stressed,crypto_weekends,-205.93602896822523,2022Q4,current_1pct
stressed,crypto_weekends,-2138.9368647299543,2023Q1,current_1pct
stressed,crypto_weekends,-1166.838447947404,2023Q2,current_1pct
stressed,crypto_weekends,-285.4017196130957,2023Q3,current_1pct
stressed,crypto_weekends,-2677.945648846788,2023Q4,current_1pct
stressed,crypto_weekends,-501.2331500966746,2024Q1,current_1pct
stressed,crypto_weekends,-295.81032223694035,2024Q2,current_1pct
stressed,crypto_weekends,-1045.7165141114124,2024Q3,current_1pct
stressed,crypto_weekends,-1092.4980107581132,2024Q4,current_1pct
stressed,crypto_weekends,-253.53559746845139,2025Q1,current_1pct
stressed,crypto_weekends,1098.1035850113537,2025Q2,current_1pct
stressed,crypto_weekends,-1514.7119491962108,2025Q3,current_1pct
stressed,crypto_weekends,-358.49997433096183,2025Q4,current_1pct
stressed,crypto_weekends,-612.8992025713302,2026Q1,current_1pct
stressed,crypto_weekends,68.83950242334231,2026Q2,current_1pct
stressed,crypto_weekends,-1209.2188785950839,2026Q3,current_1pct
zero,crypto_weekends,-45.81485222005653,2022Q1,safe_0_25pct
zero,crypto_weekends,-216.80777721239707,2022Q2,safe_0_25pct
zero,crypto_weekends,-781.4606214139749,2022Q3,safe_0_25pct
zero,crypto_weekends,74.67811536404179,2022Q4,safe_0_25pct
zero,crypto_weekends,70.86670527545073,2023Q1,safe_0_25pct
zero,crypto_weekends,-279.1272835575485,2023Q2,safe_0_25pct
zero,crypto_weekends,-52.737803135439826,2023Q3,safe_0_25pct
zero,crypto_weekends,-41.46775069062937,2023Q4,safe_0_25pct
zero,crypto_weekends,-45.97453938230403,2024Q1,safe_0_25pct
zero,crypto_weekends,0.9714079917022147,2024Q2,safe_0_25pct
zero,crypto_weekends,-343.1374794709068,2024Q3,safe_0_25pct
zero,crypto_weekends,218.90077573555885,2024Q4,safe_0_25pct
zero,crypto_weekends,-29.598180382406888,2025Q1,safe_0_25pct
zero,crypto_weekends,825.3016979648027,2025Q2,safe_0_25pct
zero,crypto_weekends,-83.85061182042969,2025Q3,safe_0_25pct
zero,crypto_weekends,4.4392327276872265,2025Q4,safe_0_25pct
zero,crypto_weekends,161.49301435821243,2026Q1,safe_0_25pct
zero,crypto_weekends,537.2977259068188,2026Q2,safe_0_25pct
zero,crypto_weekends,-560.6945878345052,2026Q3,safe_0_25pct
baseline,crypto_weekends,-98.4998844284637,2022Q1,safe_0_25pct
baseline,crypto_weekends,-296.85825164058616,2022Q2,safe_0_25pct
baseline,crypto_weekends,-1022.862532546937,2022Q3,safe_0_25pct
baseline,crypto_weekends,-31.097959569124008,2022Q4,safe_0_25pct
baseline,crypto_weekends,-711.3309958685987,2023Q1,safe_0_25pct
baseline,crypto_weekends,-506.5215686671131,2023Q2,safe_0_25pct
baseline,crypto_weekends,-68.44077670908754,2023Q3,safe_0_25pct
baseline,crypto_weekends,-411.2469551743802,2023Q4,safe_0_25pct
baseline,crypto_weekends,-343.7078578576039,2024Q1,safe_0_25pct
baseline,crypto_weekends,-177.4774480987924,2024Q2,safe_0_25pct
baseline,crypto_weekends,-687.7258663837517,2024Q3,safe_0_25pct
baseline,crypto_weekends,-132.8012553058981,2024Q4,safe_0_25pct
baseline,crypto_weekends,-71.64910981768904,2025Q1,safe_0_25pct
baseline,crypto_weekends,591.2680799186226,2025Q2,safe_0_25pct
baseline,crypto_weekends,-585.7611150556986,2025Q3,safe_0_25pct
baseline,crypto_weekends,-251.18023760854095,2025Q4,safe_0_25pct
baseline,crypto_weekends,-307.7452826562967,2026Q1,safe_0_25pct
baseline,crypto_weekends,86.51258202968677,2026Q2,safe_0_25pct
baseline,crypto_weekends,-940.1428045696346,2026Q3,safe_0_25pct
stressed,crypto_weekends,-121.07918394635249,2022Q1,safe_0_25pct
stressed,crypto_weekends,-331.1397142781213,2022Q2,safe_0_25pct
stressed,crypto_weekends,-1125.9964592825365,2022Q3,safe_0_25pct
stressed,crypto_weekends,-76.16863547234414,2022Q4,safe_0_25pct
stressed,crypto_weekends,-1042.704032412743,2023Q1,safe_0_25pct
stressed,crypto_weekends,-602.1261296591606,2023Q2,safe_0_25pct
stressed,crypto_weekends,-75.02094917378193,2023Q3,safe_0_25pct
stressed,crypto_weekends,-565.951715721824,2023Q4,safe_0_25pct
stressed,crypto_weekends,-467.65553465072776,2024Q1,safe_0_25pct
stressed,crypto_weekends,-251.60416061714557,2024Q2,safe_0_25pct
stressed,crypto_weekends,-830.0808434950648,2024Q3,safe_0_25pct
stressed,crypto_weekends,-277.35004151851024,2024Q4,safe_0_25pct
stressed,crypto_weekends,-88.85776992419216,2025Q1,safe_0_25pct
stressed,crypto_weekends,495.3210574728031,2025Q2,safe_0_25pct
stressed,crypto_weekends,-789.800392536511,2025Q3,safe_0_25pct
stressed,crypto_weekends,-354.5264320762083,2025Q4,safe_0_25pct
stressed,crypto_weekends,-496.4692849732908,2026Q1,safe_0_25pct
stressed,crypto_weekends,-93.85095043404152,2026Q2,safe_0_25pct
stressed,crypto_weekends,-1090.2551279940583,2026Q3,safe_0_25pct
zero,crypto_7day,-724.1352949193111,2022Q1,current_1pct
zero,crypto_7day,-1273.450762110066,2022Q2,current_1pct
zero,crypto_7day,-9184.343907328384,2022Q3,current_1pct
zero,crypto_7day,2194.0461115305343,2022Q4,current_1pct
zero,crypto_7day,-3986.3175533575013,2023Q1,current_1pct
zero,crypto_7day,-1098.8417267417626,2023Q2,current_1pct
zero,crypto_7day,-1886.1911981156707,2023Q3,current_1pct
zero,crypto_7day,1120.6412382366225,2023Q4,current_1pct
zero,crypto_7day,-1811.6597515002259,2024Q1,current_1pct
zero,crypto_7day,-988.6655240842492,2024Q2,current_1pct
zero,crypto_7day,421.49763054397965,2024Q3,current_1pct
zero,crypto_7day,3094.3443657727544,2024Q4,current_1pct
zero,crypto_7day,-2338.1174709952966,2025Q1,current_1pct
zero,crypto_7day,1370.011969349606,2025Q2,current_1pct
zero,crypto_7day,1138.2422210159643,2025Q3,current_1pct
zero,crypto_7day,36.512423235119,2025Q4,current_1pct
zero,crypto_7day,-1540.9658762241688,2026Q1,current_1pct
zero,crypto_7day,587.9236069936292,2026Q2,current_1pct
zero,crypto_7day,-1012.4274949476418,2026Q3,current_1pct
baseline,crypto_7day,-3171.9787132768015,2022Q1,current_1pct
baseline,crypto_7day,-1983.4778547743742,2022Q2,current_1pct
baseline,crypto_7day,-11668.376168961548,2022Q3,current_1pct
baseline,crypto_7day,675.667676704556,2022Q4,current_1pct
baseline,crypto_7day,-7553.498749181629,2023Q1,current_1pct
baseline,crypto_7day,-2540.6196871639386,2023Q2,current_1pct
baseline,crypto_7day,-2098.6937430326916,2023Q3,current_1pct
baseline,crypto_7day,-1554.1387352829693,2023Q4,current_1pct
baseline,crypto_7day,-3459.489208913814,2024Q1,current_1pct
baseline,crypto_7day,-1340.6006033731906,2024Q2,current_1pct
baseline,crypto_7day,-486.15992655988197,2024Q3,current_1pct
baseline,crypto_7day,27.081840720749483,2024Q4,current_1pct
baseline,crypto_7day,-3008.0701426493442,2025Q1,current_1pct
baseline,crypto_7day,-298.81476565932155,2025Q2,current_1pct
baseline,crypto_7day,-1321.7346406938898,2025Q3,current_1pct
baseline,crypto_7day,-732.1003669324139,2025Q4,current_1pct
baseline,crypto_7day,-2206.698941296072,2026Q1,current_1pct
baseline,crypto_7day,-1201.7277017560173,2026Q2,current_1pct
baseline,crypto_7day,-1509.7326110322165,2026Q3,current_1pct
stressed,crypto_7day,-4204.183710621425,2022Q1,current_1pct
stressed,crypto_7day,-2275.355657914742,2022Q2,current_1pct
stressed,crypto_7day,-12654.782922141865,2022Q3,current_1pct
stressed,crypto_7day,88.05890203952305,2022Q4,current_1pct
stressed,crypto_7day,-8625.980851794606,2023Q1,current_1pct
stressed,crypto_7day,-3040.657256081999,2023Q2,current_1pct
stressed,crypto_7day,-2163.9192054097166,2023Q3,current_1pct
stressed,crypto_7day,-2439.449468350861,2023Q4,current_1pct
stressed,crypto_7day,-3955.237482727609,2024Q1,current_1pct
stressed,crypto_7day,-1435.4689889950262,2024Q2,current_1pct
stressed,crypto_7day,-758.2240204966992,2024Q3,current_1pct
stressed,crypto_7day,-880.1700637890618,2024Q4,current_1pct
stressed,crypto_7day,-3142.2092947041383,2025Q1,current_1pct
stressed,crypto_7day,-752.6666120196893,2025Q2,current_1pct
stressed,crypto_7day,-1939.567616948627,2025Q3,current_1pct
stressed,crypto_7day,-907.2990952137941,2025Q4,current_1pct
stressed,crypto_7day,-2302.2149569739513,2026Q1,current_1pct
stressed,crypto_7day,-1591.1776231510933,2026Q2,current_1pct
stressed,crypto_7day,-1565.9543564909845,2026Q3,current_1pct
zero,crypto_7day,-68.51805555957004,2022Q1,safe_0_25pct
zero,crypto_7day,-504.98746614613236,2022Q2,safe_0_25pct
zero,crypto_7day,-3494.934107644063,2022Q3,safe_0_25pct
zero,crypto_7day,679.030805000352,2022Q4,safe_0_25pct
zero,crypto_7day,-194.28757987696952,2023Q1,safe_0_25pct
zero,crypto_7day,-431.80475400547834,2023Q2,safe_0_25pct
zero,crypto_7day,-940.584786148132,2023Q3,safe_0_25pct
zero,crypto_7day,-344.7220075976877,2023Q4,safe_0_25pct
zero,crypto_7day,-427.58255071077167,2024Q1,safe_0_25pct
zero,crypto_7day,-705.714826938866,2024Q2,safe_0_25pct
zero,crypto_7day,234.25746266611935,2024Q3,safe_0_25pct
zero,crypto_7day,1370.4788286275618,2024Q4,safe_0_25pct
zero,crypto_7day,-1188.6793714062364,2025Q1,safe_0_25pct
zero,crypto_7day,604.2224129890185,2025Q2,safe_0_25pct
zero,crypto_7day,751.0185698063599,2025Q3,safe_0_25pct
zero,crypto_7day,-240.949180897306,2025Q4,safe_0_25pct
zero,crypto_7day,-589.9367131016411,2026Q1,safe_0_25pct
zero,crypto_7day,634.6354047278269,2026Q2,safe_0_25pct
zero,crypto_7day,-733.285018334697,2026Q3,safe_0_25pct
baseline,crypto_7day,-998.5233009134332,2022Q1,safe_0_25pct
baseline,crypto_7day,-759.1233145464994,2022Q2,safe_0_25pct
baseline,crypto_7day,-4553.998150038499,2022Q3,safe_0_25pct
baseline,crypto_7day,-4.587357059643665,2022Q4,safe_0_25pct
baseline,crypto_7day,-2009.0692888831297,2023Q1,safe_0_25pct
baseline,crypto_7day,-1348.1535471644038,2023Q2,safe_0_25pct
baseline,crypto_7day,-1213.594858156521,2023Q3,safe_0_25pct
baseline,crypto_7day,-2003.0581151841045,2023Q4,safe_0_25pct
baseline,crypto_7day,-1554.2916674364828,2024Q1,safe_0_25pct
baseline,crypto_7day,-1095.1756038834042,2024Q2,safe_0_25pct
baseline,crypto_7day,-425.62476481672735,2024Q3,safe_0_25pct
baseline,crypto_7day,-96.49453674004687,2024Q4,safe_0_25pct
baseline,crypto_7day,-1780.3155834938725,2025Q1,safe_0_25pct
baseline,crypto_7day,-383.43986880640574,2025Q2,safe_0_25pct
baseline,crypto_7day,-1036.294227943351,2025Q3,safe_0_25pct
baseline,crypto_7day,-869.7114581418048,2025Q4,safe_0_25pct
baseline,crypto_7day,-1491.5458133894708,2026Q1,safe_0_25pct
baseline,crypto_7day,-719.7631751678115,2026Q2,safe_0_25pct
baseline,crypto_7day,-1282.2561050400257,2026Q3,safe_0_25pct
stressed,crypto_7day,-1394.7128657052967,2022Q1,safe_0_25pct
stressed,crypto_7day,-866.416294904049,2022Q2,safe_0_25pct
stressed,crypto_7day,-4996.350070474443,2022Q3,safe_0_25pct
stressed,crypto_7day,-286.63004682493863,2022Q4,safe_0_25pct
stressed,crypto_7day,-2742.818346600007,2023Q1,safe_0_25pct
stressed,crypto_7day,-1710.0043550201287,2023Q2,safe_0_25pct
stressed,crypto_7day,-1319.289517683057,2023Q3,safe_0_25pct
stressed,crypto_7day,-2639.8589349408257,2023Q4,safe_0_25pct
stressed,crypto_7day,-1975.359137052284,2024Q1,safe_0_25pct
stressed,crypto_7day,-1237.0182579217417,2024Q2,safe_0_25pct
stressed,crypto_7day,-667.4839397979079,2024Q3,safe_0_25pct
stressed,crypto_7day,-627.7921473331112,2024Q4,safe_0_25pct
stressed,crypto_7day,-1982.6008221534335,2025Q1,safe_0_25pct
stressed,crypto_7day,-728.1231167801366,2025Q2,safe_0_25pct
stressed,crypto_7day,-1642.9042326213967,2025Q3,safe_0_25pct
stressed,crypto_7day,-1074.1737205698487,2025Q4,safe_0_25pct
stressed,crypto_7day,-1776.8578349541372,2026Q1,safe_0_25pct
stressed,crypto_7day,-1151.9664087878582,2026Q2,safe_0_25pct
stressed,crypto_7day,-1442.4715945064497,2026Q3,safe_0_25pct
