symbol,count,net_pnl,expectancy,win_rate,sector
AAPL,8,-374.24621100000536,-46.78077637500067,0.375,Technology
ABBV,11,-1222.822961699999,-111.165723790909,0.18181818181818182,Healthcare
ABT,4,1.1415747499999904,0.2853936874999976,0.75,Healthcare
ADBE,3,391.6797819999971,130.55992733333235,1.0,Technology
AMAT,14,-915.5083812500005,-65.39345580357147,0.35714285714285715,Technology
AMD,18,-1419.7767691499985,-78.87648717499991,0.2777777777777778,Technology
AMT,2,-266.5281200000014,-133.2640600000007,0.0,Materials/Real Estate
AMZN,11,-1362.7232800000004,-123.88393454545458,0.18181818181818182,Consumer Discretionary
APP,12,9.658299999999945,0.8048583333333288,0.5,Technology
ARM,13,-98.50162234999999,-7.577047873076922,0.23076923076923078,Technology
AVGO,12,761.6980595000014,63.47483829166678,0.5,Technology
AXON,3,450.2892250000014,150.0964083333338,0.6666666666666666,Industrials
AXP,3,292.35246524999775,97.45082174999925,0.3333333333333333,Financials
BA,12,1475.045834450001,122.92048620416675,0.5,Industrials
BAC,27,821.1683394000006,30.413642200000023,0.5185185185185185,Financials
BKNG,3,760.6018499999994,253.5339499999998,0.6666666666666666,Consumer Discretionary
BLK,1,-57.0245,-57.0245,0.0,Financials
BMY,17,-378.24160999999856,-22.249506470588152,0.5294117647058824,Healthcare
BX,5,452.7667299999983,90.55334599999966,0.4,Financials
C,17,-382.34257000000207,-22.490739411764828,0.23529411764705882,Financials
CAT,6,-395.09016999999966,-65.8483616666666,0.3333333333333333,Industrials
CI,4,143.34039499999471,35.83509874999868,0.5,Healthcare
CL,3,-160.24143999999998,-53.41381333333333,0.0,Consumer Staples
CMCSA,9,-651.3052700000027,-72.36725222222252,0.3333333333333333,Communication
CMG,6,374.916360000001,62.48606000000017,0.5,Consumer Discretionary
COF,2,509.58205500000224,254.79102750000112,0.5,Financials
COP,19,554.3293849999955,29.175230789473446,0.3684210526315789,Energy
COST,9,-329.7160942499975,-36.63512158333306,0.2222222222222222,Consumer Staples
CRM,12,-914.943325000002,-76.2452770833335,0.25,Technology
CRWD,7,-859.4161350000014,-122.77373357142878,0.14285714285714285,Technology
CSCO,13,-140.13667999999888,-10.779744615384528,0.3076923076923077,Technology
CVS,12,-554.889080000006,-46.24075666666716,0.5,Healthcare
CVX,23,290.59201085000234,12.634435254347927,0.43478260869565216,Energy
DE,5,190.45622000000049,38.091244000000096,0.4,Industrials
DECK,3,-1.8925399999999093,-0.6308466666666365,0.3333333333333333,Consumer Discretionary
DIA,7,-157.10879249999965,-22.444113214285665,0.2857142857142857,ETFs
DIS,18,1056.0679849499954,58.67044360833308,0.5555555555555556,Communication
DVN,23,1032.153698599999,44.87624776521734,0.43478260869565216,Energy
DXCM,4,-0.7867124999999995,-0.19667812499999987,0.5,Healthcare
EBAY,6,366.44452999999544,61.074088333332575,0.5,Consumer Discretionary
ELV,3,-233.87610000000032,-77.9587000000001,0.3333333333333333,Healthcare
EOG,8,-1592.7578250000042,-199.09472812500053,0.125,Energy
EQIX,1,-134.02080000000078,-134.02080000000078,0.0,Materials/Real Estate
ETN,2,126.01625500000146,63.00812750000073,0.5,Industrials
F,34,734.5523327999964,21.604480376470484,0.35294117647058826,Consumer Discretionary
FCX,21,177.19146750000152,8.4376889285715,0.3333333333333333,Materials/Real Estate
FDX,6,-399.0873500000018,-66.51455833333362,0.3333333333333333,Industrials
GE,14,231.01651430000135,16.501179592857238,0.42857142857142855,Industrials
GILD,9,-693.5121449999994,-77.05690499999993,0.4444444444444444,Healthcare
GLD,16,-193.1620998000005,-12.072631237500032,0.375,ETFs
GM,23,770.0406102000053,33.48002653043501,0.30434782608695654,Consumer Discretionary
GOOGL,17,-150.46874500000115,-8.851102647058891,0.35294117647058826,Communication
GS,1,0.3520949999999727,0.3520949999999727,1.0,Financials
HD,5,57.89277750000071,11.578555500000142,0.2,Consumer Discretionary
HON,2,204.80270500000242,102.40135250000121,0.5,Industrials
IBB,5,-599.022773500001,-119.8045547000002,0.2,ETFs
INTC,19,-524.8450623999998,-27.623424336842096,0.3157894736842105,Technology
ISRG,5,599.9499100000036,119.98998200000071,0.8,Healthcare
IWM,1,0.6728599999999771,0.6728599999999771,1.0,ETFs
JNJ,8,-390.8219824999957,-48.852747812499466,0.375,Healthcare
JPM,4,-504.4373800000018,-126.10934500000045,0.0,Financials
KHC,20,-716.8902097999995,-35.844510489999976,0.4,Consumer Staples
KKR,3,336.774854999998,112.25828499999933,0.3333333333333333,Financials
KO,17,-491.40307614999796,-28.906063302941057,0.29411764705882354,Consumer Staples
LIN,3,-537.3834100000001,-179.1278033333334,0.0,Materials/Real Estate
LLY,2,84.62150259999875,42.310751299999374,0.5,Healthcare
LMT,11,-274.6771275000007,-24.97064795454552,0.18181818181818182,Industrials
LOW,2,172.32316499999916,86.16158249999958,0.5,Consumer Discretionary
LULU,5,312.98766280000393,62.597532560000786,0.4,Consumer Discretionary
MA,2,-54.01068250000089,-27.005341250000445,0.0,Financials
MCD,5,146.57681999999969,29.31536399999994,0.2,Consumer Discretionary
MDLZ,5,162.41024909999754,32.48204981999951,0.6,Consumer Staples
MDT,2,-153.4509200000022,-76.7254600000011,0.5,Healthcare
META,10,-206.45625250000225,-20.645625250000226,0.2,Communication
MMM,4,-327.77625499999556,-81.94406374999889,0.25,Industrials
MO,21,75.16226534999953,3.5791554928571205,0.38095238095238093,Consumer Staples
MPC,6,-771.7536899999984,-128.62561499999973,0.16666666666666666,Energy
MRK,12,-1026.3537339500042,-85.52947782916702,0.25,Healthcare
MRNA,20,895.792111450001,44.78960557250005,0.4,Healthcare
MRVL,12,437.3081000000011,36.442341666666756,0.5833333333333334,Technology
MS,8,-175.83454999999805,-21.979318749999756,0.25,Financials
MSFT,6,178.58666000000474,29.764443333334125,0.3333333333333333,Technology
MU,13,-212.42003400000098,-16.34000261538469,0.3076923076923077,Technology
NEM,24,45.28298500000164,1.8867910416667348,0.375,Materials/Real Estate
NET,5,-177.72319499999878,-35.544638999999755,0.4,Technology
NFLX,16,-1255.9647350000052,-78.49779593750033,0.375,Communication
NKE,9,-1.1132350000013833,-0.12369277777793147,0.2222222222222222,Consumer Discretionary
NOW,4,-140.92906000000136,-35.23226500000034,0.5,Technology
NVDA,15,-209.87125104999973,-13.991416736666649,0.5333333333333333,Technology
ORCL,8,312.3920900000052,39.04901125000065,0.625,Technology
OXY,23,-1307.1792386500044,-56.83387994130454,0.2608695652173913,Energy
PANW,9,954.7311099999973,106.08123444444415,0.5555555555555556,Technology
PEP,7,-46.063690000000236,-6.580527142857177,0.2857142857142857,Consumer Staples
PFE,16,-191.14723799999948,-11.946702374999967,0.1875,Healthcare
PG,3,111.37259499999756,37.12419833333252,0.6666666666666666,Consumer Staples
PLTR,25,-85.69314974999874,-3.4277259899999497,0.28,Technology
PM,3,-4.819762500000053,-1.6065875000000176,0.3333333333333333,Consumer Staples
PSX,5,-291.13552124999444,-58.22710424999889,0.2,Energy
QCOM,2,284.4102649999961,142.20513249999806,0.5,Technology
QQQ,1,0.7462800000000499,0.7462800000000499,1.0,ETFs
RTX,8,127.31900000000007,15.91487500000001,0.375,Industrials
SBUX,7,222.42168500000167,31.77452642857167,0.42857142857142855,Consumer Discretionary
SCHW,3,176.6666549999999,58.888884999999966,0.3333333333333333,Financials
SLB,15,-1287.4436299999988,-85.82957533333325,0.06666666666666667,Energy
SOXX,7,-102.26214499999887,-14.608877857142696,0.2857142857142857,ETFs
SPG,2,-219.27996500000071,-109.63998250000036,0.5,Materials/Real Estate
SPY,2,-2.2915149999999795,-1.1457574999999898,0.0,ETFs
T,25,-304.1201725000004,-12.164806900000016,0.16,Communication
TGT,4,210.66197319999824,52.66549329999956,0.25,Consumer Discretionary
TJX,1,-3.044210000000002,-3.044210000000002,0.0,Consumer Discretionary
TSLA,10,823.7105475000001,82.37105475000001,0.4,Technology
TXN,2,403.2206899999997,201.61034499999985,0.5,Technology
UBER,14,323.34653040000313,23.096180742857367,0.42857142857142855,Consumer Discretionary
UNH,6,-218.70000249999836,-36.45000041666639,0.5,Healthcare
UPS,3,263.1603700000001,87.72012333333338,0.6666666666666666,Industrials
USB,4,-12.920297499998707,-3.2300743749996768,0.0,Financials
V,5,-302.11537500000065,-60.42307500000013,0.2,Financials
VRTX,3,-589.638654999999,-196.54621833333297,0.3333333333333333,Healthcare
VZ,17,-597.9744080500045,-35.17496517941203,0.17647058823529413,Communication
WFC,8,-242.75601250000034,-30.344501562500042,0.25,Financials
WMT,8,-128.45954500000312,-16.05744312500039,0.5,Consumer Staples
XLB,13,-249.27642749999978,-19.17510980769229,0.3076923076923077,ETFs
XLC,4,-0.8265450000000061,-0.20663625000000152,0.25,ETFs
XLE,12,920.9118400000016,76.74265333333346,0.5,ETFs
XLF,8,137.70753249999757,17.213441562499696,0.625,ETFs
XLI,5,-229.84014999999692,-45.96802999999939,0.4,ETFs
XLK,8,1.8771799999996008,0.2346474999999501,0.5,ETFs
XLP,10,163.78445499999773,16.378445499999774,0.2,ETFs
XLRE,15,-375.61224465000043,-25.04081631000003,0.26666666666666666,ETFs
XLU,14,438.9087975000061,31.350628392857576,0.42857142857142855,ETFs
XLV,9,-166.32109000000548,-18.48012111111172,0.1111111111111111,ETFs
XLY,7,0.2587500000004088,0.03696428571434412,0.14285714285714285,ETFs
XOM,11,-603.4863614499986,-54.86239649545442,0.2727272727272727,Energy
ZS,2,-351.0175750000026,-175.5087875000013,0.0,Technology
