symbol,mfe_r,mae_r,missing,net_pnl,group
BKNG,3.843749999999966,0.20833333333333456,False,414.53894999999983,winner
DIS,0.0206185567010122,0.9381443298969048,False,-125.28740500000158,loser
MA,0.9973404255319023,0.18882978723404983,False,-44.20147000000193,loser
V,1.2596685082872918,0.11602209944751807,False,-16.189100000000707,loser
GLD,0.40740740740738984,1.0925925925925575,False,-83.07702000000239,loser
SPG,0.3515151515151407,1.0121212121212182,False,-219.4946050000007,loser
C,0.3333333333333333,0.4090909090909052,False,-102.05122500000016,loser
DVN,1.7142857142857195,0.25510204081632737,False,249.66607499999944,winner
BAC,2.46730769230768,0.10576923076922959,False,408.23802500000073,winner
XLF,2.3749999999999813,0.2916666666666654,False,229.27009499999903,winner
LMT,0.8953488372092835,0.25290697674418333,False,-66.75212500000126,loser
COF,2.428571428571446,0.22857142857142432,False,521.5005600000022,winner
SLB,0.0,0.5681818181818211,False,-127.91075999999872,loser
CVX,0.3684210526315719,0.35789473684210776,False,28.063999999999545,winner
EOG,1.0335820895522403,0.7686567164179174,False,-53.76987000000034,loser
BA,2.8321428571428613,0.06491596638656019,False,555.7361430000007,winner
GM,0.6555555555555603,0.9643333333333335,False,-297.9222799999998,loser
XLB,0.14814814814814717,1.0,False,-142.0582349999982,loser
PEP,1.0686274509804146,1.205882352941188,False,-48.843375,loser
KHC,1.3148148148148227,0.22222222222223392,False,-1.4914200000018276,loser
COP,0.17482517482517398,0.6713286713286737,False,-237.1307400000028,loser
OXY,0.14084507042253705,0.7746478873239387,False,-283.18919999999935,loser
VZ,0.4878048780487657,1.0,False,-173.3471300000014,loser
MDLZ,2.06730769230763,0.44230769230769124,False,296.463239999998,winner
PEP,0.0833333333333421,0.8222222222222147,False,-145.41611999999935,loser
KO,0.1351351351351284,0.9459459459459564,False,-135.57885000000047,loser
GLD,0.9427142857142531,1.642857142857111,False,-45.516079999999874,loser
COP,1.3377483443708538,0.8344370860927158,False,28.00097499999857,winner
CVX,0.41317365269461254,1.029940119760486,False,-270.38624999999814,loser
VRTX,0.10439560439560354,1.1704945054945128,False,-332.78731999999883,loser
XOM,0.2500000000000074,0.8020833333333225,False,-211.42477999999969,loser
VRTX,0.24661246612466048,0.09756097560975985,False,43.862975,winner
SLB,0.17500000000000132,0.9875000000000025,False,-395.421765,loser
MS,0.8695652173913001,0.46086956521739003,False,-86.54687499999892,loser
GOOGL,1.5470383275261292,0.14634146341462956,False,157.0839750000003,winner
ABBV,0.32627118644068437,0.9533898305084806,False,-319.83093999999915,loser
ABBV,1.213270142180088,0.36018957345972247,False,-115.60590000000096,loser
CVS,0.4583333333333299,1.8455882352941064,False,-133.42972500000133,loser
OXY,0.6644736842105221,1.0526315789473768,False,-336.9645500000018,loser
AXP,2.264590909090893,0.5717727272727258,False,495.9817852499981,winner
BMY,1.4882558139535034,0.45348837209302423,False,141.17452000000188,winner
CVX,0.7808219178082403,0.3767123287671169,False,-83.50522999999839,loser
MS,2.134020618556711,0.6082474226804166,False,359.46702499999947,winner
SCHW,2.058252427184468,0.019417475728151456,False,406.7487900000005,winner
AMD,1.1293103448275914,0.9568965517241402,False,-9.237375000001045,loser
BA,0.7555555555555631,0.5711111111111096,False,-126.44479999999967,loser
CRWD,0.678260869565213,0.8695652173913054,False,-410.641920000002,loser
NET,0.660592255125286,1.0136674259681098,False,-743.8241250000001,loser
OXY,2.171641791044768,0.12343283582089917,False,664.474519999998,winner
C,0.12820512820513896,1.0256410256410204,False,-241.80540000000036,loser
MU,0.2978260869565231,0.6934782608695655,False,-315.7489750000011,loser
MU,0.9780219780219823,0.42307692307692246,False,-90.3864000000007,loser
DIS,1.4647887323943385,0.15492957746479286,False,99.31839999999724,winner
AXP,0.5815217391304455,2.2218478260869525,False,-201.71844000000036,loser
ABBV,0.260683760683763,1.1288034188034175,False,-177.55942500000214,loser
DVN,0.26153846153845783,1.0461538461538422,False,-480.8546000000016,loser
AMZN,0.26341463414633975,1.0243902439024448,False,-273.6772999999979,loser
COST,0.5610859728506808,1.0701357466063222,False,-166.25690999999856,loser
VZ,1.342857142857134,0.8,False,9.58319999999938,winner
VZ,0.1351351351351284,1.027027027027041,False,-152.54819999999907,loser
ABBV,0.8733333333333348,0.2485999999999914,False,-46.75848499999732,loser
GLD,6.366197183098494,0.3802816901408552,False,137.47079999999974,winner
GLD,0.06629834254143889,0.9668508287292805,False,-180.72567499999903,loser
NEM,0.12789855072464124,1.0144927536231958,False,-409.7613599999987,loser
RTX,1.2896825396825344,0.20238095238095358,False,169.687264999999,winner
FCX,0.17777777777778217,1.0,False,-379.1919999999994,loser
XLE,2.0,0.9245283018867942,False,556.9635200000013,winner
XOM,1.0746268656716373,0.20895522388059734,False,-40.978435000000815,loser
XLU,2.0000000000000275,0.11538461538462064,False,276.8661000000018,winner
COST,1.1834932821497142,2.5412667946257037,False,-22.327740000001143,loser
ISRG,1.8257756563245915,0.551312649164665,False,120.37317500000222,winner
COP,1.675862068965535,0.9172413793103509,False,-7.700549999999552,loser
EOG,0.049751243781091574,1.0199004975124337,False,-343.22454,loser
COP,0.12017167381974307,1.055793991416307,False,-459.5166449999997,loser
XLE,0.19444444444444553,1.0416666666666683,False,-384.21980999999937,loser
COST,0.0,0.8057285180572658,False,-210.84192500000032,loser
CAT,0.18856447688564684,0.8381751824817524,False,-318.110624999999,loser
OXY,0.5981308411214957,1.0467289719626174,False,-727.0514300000001,loser
COST,0.2714839797639159,0.5944519392917225,False,-140.39760174999975,loser
CAT,0.46747448979591183,0.9081632653061193,False,-324.06586500000174,loser
DE,0.4447949526813847,1.007886435331232,False,-316.4773200000015,loser
ABBV,1.896296296296306,0.474074074074087,False,72.8437999999976,winner
CVS,1.6824324324324245,0.43918918918919186,False,166.96852499999952,winner
LLY,1.8089171974522393,0.2515923566879057,False,105.81853999999892,winner
XLI,0.3181818181818211,1.0454545454545368,False,-183.28991999999917,loser
XLV,0.24509803921568382,1.098039215686268,False,-158.3084550000013,loser
AMZN,0.0,0.33846153846153376,False,-85.69707000000139,loser
TGT,2.0398550724637734,0.23550724637681442,False,455.6882000000009,winner
AMT,0.15969581749050063,0.9543726235741427,False,-200.17677999999896,loser
CI,0.24232081911263015,1.00511945392491,False,-244.1743150000005,loser
AMD,1.2920353982300863,0.7565929203539826,False,2.42951499999926,winner
XLB,1.3684210526315592,0.736842105263156,False,33.287799999998896,winner
DE,0.5295031055900573,0.8922981366459621,False,-177.9575600000002,loser
MO,1.1666666666666732,0.29629629629629045,False,59.4092799999996,winner
COP,1.4888888888888727,0.06666666666666878,False,-20.490300000000925,loser
EOG,0.6774193548387126,1.0483870967741877,False,-299.3876999999999,loser
UBER,1.3209876543209755,0.3580246913580314,False,25.55047999999905,winner
EBAY,0.19999999999999526,0.29166666666667307,False,-61.85658000000085,loser
XOM,0.9589411764705799,1.805764705882327,False,-52.92893644999952,loser
AMAT,0.11746987951806842,0.325301204819273,False,-87.79683999999877,loser
LULU,2.050000000000026,0.6145833333333368,False,528.4783500000013,winner
PG,2.5571428571428045,0.5333333333333298,False,235.4163899999993,winner
AVGO,1.7894736842105228,0.0789473684210551,False,141.56801999999973,winner
MRVL,1.2014925373134293,0.17910447761194662,False,1.2400199999995714,winner
COST,2.223214285714341,0.05064732142857263,False,297.9540799999996,winner
BMY,0.39830508474575943,0.9237288135593196,False,-156.43995000000157,loser
MPC,0.4538461538461465,1.069230769230772,False,-244.33983000000137,loser
MRK,0.43548387096773233,1.0645161290322678,False,-160.15176000000105,loser
IBB,0.07826086956521996,1.02608695652174,False,-182.0319300000008,loser
FCX,0.09195402298850405,0.5742528735632212,False,-198.39836500000072,loser
V,0.4377880184331901,1.009216589861756,False,-196.55030999999897,loser
BMY,0.3770491803278757,0.6803278688524466,False,-119.43035999999783,loser
KO,0.4249999999999982,0.6499999999999858,False,-94.06510000000075,loser
LMT,0.5815217391304344,0.9760869565217363,False,-166.85811000000018,loser
LLY,0.07514450867051804,0.028901734104052987,False,-21.197037400000166,loser
LMT,2.0056074766355088,0.5289719626168172,False,419.88222999999954,winner
UNH,1.4312749003984233,0.12848605577688926,False,74.46331500000078,winner
XLP,2.20833333333329,0.08333333333334567,False,211.6415999999985,winner
LMT,0.21790540540541037,1.0304054054054068,False,-255.30999999999835,loser
CVX,0.7765957446808571,0.5957446808510677,False,-84.56799999999937,loser
KO,0.0750000000000031,0.7749999999999907,False,-108.4527499999986,loser
MMM,0.5762711864406943,0.3474576271186475,False,-64.01965499999706,loser
EOG,0.36764705882352827,0.9068627450980337,False,-282.9838199999996,loser
CVX,1.4291666666666711,0.837500000000016,False,205.86503000000025,winner
NEM,2.613636363636374,0.09090909090908944,False,432.1677100000014,winner
GLD,0.3953488372093131,1.0,False,-100.41899999999931,loser
CI,1.1186440677965979,0.7923728813559295,False,-24.113730000002903,loser
XLB,0.4285714285714177,1.0,False,-134.72975000000048,loser
XLE,1.303030303030309,0.39393939393940375,False,4.470264999998683,winner
NEM,1.0549450549450676,1.9120879120879137,False,-57.80923999999838,loser
DVN,1.5222222222222177,0.4999999999999921,False,53.694755,winner
ELV,0.97806004618937,0.13510392609700658,False,-40.07150000000016,loser
LIN,0.20512820512820887,1.0512820512820678,False,-166.18279999999925,loser
OXY,0.03977272727272328,0.7954545454545464,False,-206.8975350000008,loser
JNJ,0.25149700598801833,1.173652694610792,False,-183.6613349999988,loser
KHC,0.6636363636363491,1.0,False,-252.72237000000183,loser
OXY,0.007936507936511964,0.3172222222222175,False,-123.60790999999983,loser
PSX,0.2129032258064509,0.19354838709677272,False,-74.74252499999845,loser
COP,0.5411255411255439,1.0303030303030336,False,-417.84776499999793,loser
KHC,0.9682539682539744,1.0079365079365121,False,-279.6871749999981,loser
MDLZ,0.3947368421052568,0.5921052631578945,False,-133.19140000000047,loser
COP,2.0649999999999977,0.4750000000000014,False,705.3742049999981,winner
CVX,2.0315315315315283,0.2972972972972959,False,465.48122999999975,winner
ABBV,0.5103092783505208,0.8659793814433036,False,-149.19021000000052,loser
MRK,1.6302083333333175,0.13541666666667562,False,67.02998249999942,winner
MU,0.08403361344538547,1.0420168067226867,False,-320.55688999999944,loser
PFE,0.41269841269841917,0.8095238095238031,False,-201.96179999999927,loser
GILD,0.8214285714285703,0.8642857142857252,False,-186.4873999999995,loser
VZ,0.8709090909091004,0.3563636363636313,False,-69.67815000000034,loser
VZ,0.12121212121211926,0.8484848484848563,False,-107.56752000000074,loser
XOM,0.2105263157894691,1.3947368421052655,False,-239.31452000000013,loser
CVX,0.08968609865470269,1.0313901345291447,False,-254.50653000000196,loser
GLD,0.271917808219176,1.7260273972602858,False,-93.97907999999892,loser
BMY,1.6111111111111287,0.41666666666666335,False,55.01986000000053,winner
COP,2.3777777777777938,0.3037037037037025,False,509.59260000000046,winner
CVX,1.88832487309642,0.2588832487309707,False,179.3833600000006,winner
BAC,1.5102040816326365,0.34693877551020613,False,152.22647999999813,winner
BMY,0.0847457627118591,1.2711864406779587,False,-156.8871750000008,loser
CRWD,2.119266055045881,0.12844036697247802,False,970.91532,winner
XLV,1.4337349397590118,0.2891566265060307,False,-21.093300000001413,loser
CVX,0.07475862068964814,0.5524827586206879,False,-81.3334916499993,loser
MA,1.6866197183098632,0.15375586854459486,False,-9.809212499998957,loser
AMZN,0.8251121076233184,0.6008968609865412,False,-90.85971999999846,loser
MSFT,0.06906906906907487,0.6816816816816795,False,-164.90609499999985,loser
GM,0.06603773584905002,1.8867924528301847,False,-270.0968750000005,loser
QCOM,0.6885245901639354,0.8579234972677633,False,-112.46413500000236,loser
AMT,1.0121951219512084,0.15040650406504202,False,-66.35134000000247,loser
MPC,2.1639344262295106,0.18032786885245825,False,406.0411800000021,winner
FCX,1.369230769230773,0.20000000000000437,False,45.049394999998256,winner
LIN,0.08560311284047777,0.6400778210116678,False,-95.39749999999876,loser
NOW,0.0729166666666669,1.0156250000000007,False,-365.75937000000033,loser
CVX,2.0729927007299227,0.25547445255473955,False,263.6295300000009,winner
UBER,0.45535714285713924,0.9107142857142785,False,-372.7213,loser
SLB,0.8695652173913093,1.173913043478268,False,-277.0368749999992,loser
CRM,0.2851063829787153,1.0255319148936057,False,-235.67457500000197,loser
TSLA,0.16600790513834052,0.7905138339920945,False,-297.5220850000009,loser
GILD,0.45161290322581016,1.016129032258073,False,-196.67519999999928,loser
BA,0.0266789667896725,0.4635424354243554,False,-163.6826751000007,loser
GM,0.00847457627119083,0.6440677966101779,False,-200.0994974999984,loser
MCD,2.0171673819742333,0.8495278969957029,False,321.9475199999997,winner
XLU,1.4444444444444298,0.37037037037034504,False,23.230320000002788,winner
PEP,0.9847328244274945,0.32824427480917207,False,-39.54636000000184,loser
KO,1.6470588235294248,0.39215686274510514,False,21.67488000000016,winner
MRNA,1.9999999999999927,0.6201550387596907,False,918.0136899999976,winner
MRNA,2.5227817745803285,0.43884892086330385,False,1202.7262100000028,winner
NET,2.000000000000005,0.20270270270270122,False,1120.6965000000005,winner
AAPL,2.484276729559754,0.28930817610061543,False,488.1747750000006,winner
NET,2.018987341772148,0.6265822784810118,False,667.3992299999998,winner
OXY,1.5061344537815133,0.4014285714285711,False,9.522190350000496,winner
WFC,1.206521739130432,1.0652173913043501,False,-236.4574300000004,loser
KHC,2.031250000000016,0.8749999999999806,False,297.5940000000003,winner
WMT,0.3333333333333421,1.0,False,-141.27484500000142,loser
MRK,0.4222222222222145,1.0444444444444354,False,-199.74978000000115,loser
V,0.8967136150234625,0.9718309859154922,False,-72.17768000000115,loser
CSCO,0.0750000000000031,1.0,False,-192.87899999999937,loser
HD,0.17143730886850628,0.5993883792048796,False,-144.23857500000045,loser
MRVL,2.1999999999999935,0.28235294117647247,False,655.6772600000011,winner
SOXX,2.6740740740740567,0.0740740740740694,False,400.9997250000012,winner
AMZN,0.15921052631578198,1.0986842105263095,False,-269.7469500000017,loser
HD,0.009900990099000799,1.0165016501650201,False,-212.7132800000019,loser
BA,2.1701838235294186,0.23422794117646162,False,704.3547583500008,winner
QCOM,2.1749999999999625,0.03750000000000089,False,396.8743999999985,winner
MRNA,0.21731884057971446,0.2500724637681055,False,-55.06265129999998,loser
IBB,1.0008333333333255,1.0241666666666636,False,-194.8568985000001,loser
V,1.8269230769230578,0.12980769230769645,False,106.3572249999997,winner
XLV,0.0,0.8461538461538562,False,-99.98278500000168,loser
DIA,0.0,0.9265734265734142,False,-84.69553250000054,loser
BAC,0.5606060606060583,1.1363636363636178,False,-137.66507500000048,loser
C,0.5566037735849076,0.09433962264151728,False,-31.54950000000133,loser
COP,0.13636363636363,0.3257575757575791,False,-108.32536000000142,loser
XLV,2.119402985074558,0.4850746268656432,False,176.4439200000005,winner
DVN,2.4583333333333304,0.09375000000000347,False,688.0800499999982,winner
MDT,1.2250000000000094,0.06249999999999667,False,13.8782199999993,winner
DVN,2.095238095238104,0.0421904761904761,False,658.6906700000004,winner
TSLA,2.1270161290322447,0.17540322580645124,False,664.9392000000012,winner
AAPL,0.4503816793893148,1.015267175572516,False,-333.73200000000054,loser
AMAT,0.7614871794871764,0.7153846153846123,False,-277.3829874999993,loser
AMAT,0.31578947368421273,1.2456140350877107,False,-283.20565000000056,loser
SOXX,0.020134228187920104,0.7449664429530247,False,-176.99945000000193,loser
MPC,0.2753623188405842,1.1860386473429998,False,-447.5888549999986,loser
GLD,0.0972222222222129,1.2222222222222574,False,-102.68551999999988,loser
CRWD,0.725274725274732,1.4065934065934131,False,-382.1921249999986,loser
PLTR,0.9565217391304431,1.0434782608695723,False,-88.31941999999853,loser
AMAT,0.8872180451127776,0.7819548872180508,False,-174.65388000000098,loser
NVDA,1.4838709677419444,0.1290322580645139,False,81.95140000000143,winner
XLF,0.049999999999989345,0.675000000000016,False,-92.61741000000146,loser
NOW,1.6536585365853684,0.3317073170731745,False,222.71339999999896,winner
FCX,0.27419354838709337,1.016129032258067,False,-405.1992000000006,loser
ISRG,0.10915492957746546,0.6971830985915549,False,-169.47879000000054,loser
CVS,0.9803921568627489,0.20588235294118507,False,-29.92599000000041,loser
CVX,0.1428571428571402,1.0389610389610215,False,-199.1061050000011,loser
BKNG,2.1297709923664256,0.0687022900763391,False,634.4328999999991,winner
FCX,0.9464285714285756,1.8928571428571448,False,-43.32425999999949,loser
BX,0.03184713375795983,0.6114649681528593,False,-142.0390400000005,loser
DIS,2.3360082304526837,0.5360493827160503,False,869.61412,winner
AMD,1.0153846153846124,0.48461538461538217,False,-49.48549999999935,loser
ORCL,1.4859154929577691,0.14084507042252845,False,112.0545900000015,winner
DIS,1.5752688172043052,0.053763440860212015,False,188.4459000000005,winner
XLY,2.082191780821901,0.06849315068492724,False,319.65214,winner
LOW,2.09868421052632,0.16776315789473428,False,548.2631700000009,winner
BAC,0.11538461538459331,0.3461538461538619,False,-13.888650000001054,loser
LOW,0.4277196652719663,0.8556485355648541,False,-375.9400050000017,loser
XOM,1.0400000000000063,0.35999999999999943,False,-56.45841999999848,loser
XLU,0.3333333333333649,1.0,False,-94.24363499999929,loser
MRK,0.8491999999999962,0.5774666666666614,False,-63.82369894999941,loser
UNH,0.663390663390685,2.2260442260442477,False,-161.64312499999778,loser
DE,1.467359635811848,0.6009104704097109,False,165.24561000000023,winner
PSX,2.0102040816326436,0.9591836734693815,False,392.1099000000017,winner
EOG,1.2999999999999972,0.3200000000000003,False,25.98881999999876,winner
MO,0.048799999999999955,0.700000000000017,False,-89.20752749999964,loser
COP,2.0217391304347627,0.28260869565217234,False,463.2879999999984,winner
COP,1.0,0.03703703703703866,False,-24.450250000000192,loser
DVN,0.3976521739130372,2.598869565217418,False,-276.7115129999995,loser
UBER,0.34545454545454085,0.7636363636363658,False,-249.94770210000195,loser
GM,2.1521739130434785,0.1521739130434786,False,418.2564400000008,winner
JPM,0.6629213483145941,2.7078651685393362,False,-109.48161000000036,loser
F,0.3529411764705809,3.470588235294118,False,-207.35270500000044,loser
CVX,0.407582938388616,1.0853080568720406,False,-270.3269450000016,loser
EOG,0.20253164556961556,1.0253164556961973,False,-379.4687600000007,loser
JNJ,1.089430894308955,1.0081300813008056,False,-161.8982999999988,loser
ABBV,1.9578313253012087,0.1445783132530007,False,89.48800000000155,winner
NFLX,0.08474576271186564,0.9830508474576245,False,-457.4182250000006,loser
SCHW,0.39156626506024517,1.0843373493975994,False,-228.0836100000006,loser
ABBV,0.4479999999999791,0.704000000000019,False,-96.78686000000168,loser
AMAT,0.5147058823529435,0.5257352941176393,False,-165.13209999999953,loser
CRWD,0.5263157894736837,0.5657894736842116,False,-201.16891999999987,loser
COP,0.3405741626794237,1.0,False,-346.90798500000056,loser
DE,2.045908183632738,0.2634730538922147,False,521.924655000002,winner
MRNA,0.1064718162839228,1.1106471816283925,False,-713.2818250000008,loser
TGT,0.8043478260869494,2.717391304347821,False,-240.90242000000265,loser
SLB,1.098591549295775,1.0140845070422506,False,-328.2927400000004,loser
XLE,0.5645161290322627,0.8709677419354861,False,-115.6349350000004,loser
KHC,0.5294117647058766,0.6274509803921599,False,-182.38869999999883,loser
ADBE,1.283168316831687,0.798019801980211,False,353.89491199999713,winner
MRNA,0.38338658146965454,1.0127795527156525,False,-444.23651999999936,loser
ORCL,1.6415094339622558,0.06433962264151352,False,135.6906849999992,winner
DIA,0.1333333333333452,0.33725490196078817,False,-69.16454499999902,loser
GOOGL,0.5754716981132102,0.5310691823899316,False,-115.03357999999844,loser
DVN,2.2150000000000034,0.10999999999999943,False,509.03688,winner
XLE,2.0000000000000138,0.09803921568626932,False,438.0051200000014,winner
CRM,0.07412790697674292,1.023255813953492,False,-421.0759799999997,loser
CSCO,0.2941176470588219,0.8431372549019636,False,-192.70545000000027,loser
DVN,0.4635658914728813,1.1007751937984467,False,-350.1149549999979,loser
XLE,2.1000000000000085,0.0,False,420.00886,winner
CAT,2.955390334572489,0.605947955390344,False,517.4472599999988,winner
JPM,0.7987012987012888,0.43506493506493443,False,-78.79795000000009,loser
BA,1.9418604651162823,1.0813953488372015,False,-244.03989999999985,loser
GM,2.0000000000000133,0.32075471698113006,False,1066.0198400000024,winner
MS,1.2865853658536777,0.8963414634146409,False,-14.365259999997608,loser
NET,0.049450549450547415,1.0329670329670342,False,-621.1810800000001,loser
CMCSA,0.0702479338842923,0.9586776859504156,False,-647.9635200000025,loser
HON,1.646808510638294,0.3255319148936161,False,384.0311250000024,winner
AMAT,1.1710526315789511,0.8947368421052652,False,40.45808000000024,winner
AVGO,0.9610389610389686,0.5714285714285714,False,-91.65901499999912,loser
GM,1.8800000000000097,0.37999999999999545,False,131.0115400000011,winner
COP,0.18390804597702445,0.8908045977011423,False,-9.85970999999991,loser
MPC,0.24157303370786884,1.1348314606741543,False,-310.6832400000002,loser
PSX,0.17435897435897713,1.0102051282051319,False,-362.015279999998,loser
AMAT,1.48837209302325,0.5581395348837174,False,47.0648199999986,winner
CVS,0.4367346938775477,0.946938775510206,False,-370.0145500000016,loser
COP,2.107038461538439,0.019230769230773437,False,725.848199999999,winner
BKNG,0.5251396648044662,0.6145251396647992,False,-288.36999999999955,loser
COP,0.014957264957275805,0.48717948717948656,False,-173.0023199999967,loser
MS,0.034653465346531104,0.837623762376237,False,-202.36205000000172,loser
BAC,1.3108108108108183,0.5675675675675738,False,6.595710000002153,winner
GILD,0.4345238095238186,1.2499999999999916,False,-211.7771000000008,loser
AMD,0.3976576576576618,1.0630630630630638,False,-341.54233499999776,loser
INTC,0.34146341463413893,0.902439024390246,False,-259.42675500000064,loser
VZ,0.6999999999999929,1.0333333333333263,False,-165.16953000000208,loser
PSX,0.10435483870968064,0.715860215053759,False,-243.35901624999968,loser
GE,2.1523809523809496,0.09523809523810361,False,471.83811,winner
USB,1.1071428571428608,0.026785714285715193,False,-10.146749999998704,loser
XLRE,0.40384615384613937,0.7884615384615409,False,-180.59220000000164,loser
XLI,1.012345679012352,0.34567901234567944,False,-16.63676999999905,loser
VZ,0.30030303030303174,0.8815151515151579,False,-157.82832055000029,loser
XLP,0.9680851063829774,0.3297872340425564,False,-41.06736500000085,loser
AMD,0.1630434782608677,1.978260869565214,False,-459.8112000000008,loser
CRM,0.9610894941634263,0.24124513618677285,False,-78.87261000000012,loser
ABBV,0.005235602094250966,0.8115183246073223,False,-181.06863999999945,loser
MRK,0.005319148936165308,0.9946808510638195,False,-179.31777500000092,loser
CSCO,2.2530120481927813,0.18072289156626373,False,671.6785950000016,winner
JNJ,1.179245283018897,0.4245283018867922,False,-49.90019999999821,loser
PANW,1.4999999999999938,0.8157894736842098,False,382.5202399999976,winner
HD,2.37569060773481,0.13259668508286207,False,479.68465000000185,winner
VZ,1.2162162162162322,0.9459459459459372,False,-4.2292599999994565,loser
COST,2.2731958762886753,0.0309278350515476,False,284.4803500000029,winner
F,0.6538461538461429,0.6538461538461565,False,-130.57110750000112,loser
CAT,0.2927927927927827,1.013513513513514,False,-191.6023199999999,loser
AAPL,0.12780487804876958,1.2682926829268124,False,-169.85869500000223,loser
T,0.4090909090909135,0.7727272727272595,False,-100.77122000000082,loser
XLY,0.723404255319158,1.0212765957446919,False,-140.6846999999997,loser
LULU,0.7069825436408943,0.9663341645885308,False,-206.4211249999993,loser
GILD,0.039746835443043964,0.6455696202531479,False,-118.46527499999976,loser
MO,0.13461538461537254,0.4542307692307936,False,-64.7925100000008,loser
FCX,2.1041666666666763,0.5416666666666661,False,445.9963200000004,winner
UPS,2.1007194244604004,0.9712230215827194,False,256.73967000000016,winner
AMD,0.5881294964028844,1.4693525179856113,False,-202.8957517999977,loser
SOXX,0.6338797814207764,1.5464480874317066,False,-196.8739199999993,loser
ABBV,0.11148648648648188,1.0,False,-184.0697599999989,loser
GOOGL,0.048387096774195025,1.0604838709677322,False,-245.2803900000017,loser
GLD,1.950161290322577,0.1788709677419127,False,16.78155049999909,winner
KHC,0.8666666666666683,1.1000000000000048,False,-155.7337399999987,loser
PFE,1.018518518518528,0.03703703703702973,False,20.6222699999998,winner
ISRG,4.795955882352999,0.7389705882352988,False,380.2260049999993,winner
ISRG,1.3422818791946398,0.49440715883668773,False,27.756960000003,winner
NET,0.14457831325301354,1.1204819277108453,False,-600.8137199999989,loser
PG,0.11320754716981536,0.8490566037735885,False,-124.20446500000176,loser
IBB,0.45751633986927326,1.2941176470588345,False,-221.65846500000012,loser
BA,2.2423148148147902,0.46601851851852244,False,432.2252831999997,winner
MRK,0.11290322580643979,1.008064516129025,False,-120.61005000000075,loser
KHC,0.32258064516129253,0.90322580645161,False,-146.24000000000052,loser
CVX,1.9402173913043406,0.25543478260869457,False,142.40368000000024,winner
KO,0.2941176470588309,1.0294117647058978,False,-115.87050999999894,loser
NEM,0.6166666666666609,1.116666666666667,False,-228.78472000000085,loser
BAC,2.562500000000063,0.2500000000000148,False,303.0436825000016,winner
VZ,2.0740740740740584,0.7777777777777719,False,233.2096999999996,winner
GLD,4.528301886792454,0.20679245283018893,False,127.48374000000246,winner
CRM,0.14838709677418857,0.24516129032259876,False,-68.45356000000062,loser
GE,0.21428571428572155,0.8,False,-131.10054999999917,loser
CRM,0.7196261682242904,1.070093457943914,False,-300.636600000002,loser
ORCL,1.5465116279069924,0.20116279069766013,False,29.608760000002853,winner
FCX,0.0,0.5833333333333344,False,-106.60822499999894,loser
T,0.1521739130434786,1.652173913043471,False,-185.9246799999997,loser
BX,2.2459016393442717,0.34426229508195727,False,612.1003350000009,winner
EBAY,0.053030303030297564,1.0227272727272734,False,-288.8081000000015,loser
META,0.5432098765432055,2.2839506172839372,False,-245.00560000000064,loser
NFLX,1.255319148936156,0.1276595744680893,False,-29.572100000001765,loser
BX,1.3900000000000006,0.2600000000000051,False,-16.043495000002007,loser
F,0.4999999999999873,0.21428571428572155,False,249.9577499999993,winner
BA,1.9918032786885205,0.08196721311474951,False,139.08823000000106,winner
EOG,0.7356069364161674,1.075144508670517,False,-258.5351350000025,loser
CAT,1.4448818897638065,0.40157480314960486,False,37.1173800000021,winner
NEM,1.1147540983606563,0.3442622950819689,False,-14.897100000000677,loser
MPC,0.020134228187920104,0.7382550335570387,False,-175.04996000000034,loser
C,0.4512195121951187,0.6280487804878053,False,-195.43837000000076,loser
AAPL,0.11450381679387557,0.9312977099236617,False,-161.76657000000165,loser
SOXX,0.05072463768117524,0.6014492753623093,False,-128.67609999999888,loser
CMG,2.0909090909090833,0.0,False,376.936250000001,winner
META,2.031187500000005,0.024999999999995116,False,404.0189999999985,winner
CRM,1.3740740740740829,2.159259259259273,False,-334.0525499999987,loser
AMZN,0.836065573770501,3.778688524590167,False,-247.49447999999975,loser
XLRE,0.10526315789473586,1.1052631578947545,False,-189.1543499999988,loser
XLY,0.31147540983606214,2.2459016393442486,False,-176.20417499999985,loser
EBAY,1.9999999999999736,0.14814814814815644,False,392.0687999999993,winner
NEM,1.7499999999999916,0.0,False,135.95305000000027,winner
AVGO,2.1636363636363427,0.14545454545454123,False,322.62940000000043,winner
CVX,1.257383966244719,0.42616033755274996,False,-20.072360000001,loser
COP,0.8120300751879803,1.7506015037593998,False,-74.03360999999933,loser
F,2.076923076923061,0.07692307692307482,False,361.95096499999937,winner
AMZN,0.1319444444444431,1.0137500000000026,False,-274.5222799999996,loser
ELV,0.2045779685264671,0.8047210300429174,False,-211.18554000000017,loser
F,2.0,0.11111111111110891,False,466.05249999999927,winner
UBER,3.822916666666665,0.7812499999999993,False,549.8329724999999,winner
NFLX,0.4999999999999852,1.020833333333329,False,-260.240400000002,loser
GE,1.1777777777777572,0.37777777777777916,False,-9.534900000001766,loser
NFLX,0.3090909090909098,1.0545454545454434,False,-289.4279750000021,loser
TSLA,0.24822695035460954,1.0354609929078014,False,-673.573425000001,loser
TSLA,2.127450980392157,0.8709150326797354,False,1119.6270000000009,winner
BAC,1.4285714285714177,0.0714285714285823,False,26.51743499999816,winner
KKR,2.214285714285707,0.07142857142857142,False,606.7699000000002,winner
CRWD,0.19047619047619127,0.6825396825396793,False,-288.21117999999984,loser
LIN,0.26624737945492066,1.1006289308176012,False,-275.8031100000021,loser
ZS,0.3799212598425068,0.9015748031496071,False,-315.92015000000265,loser
NFLX,0.1250000000000037,0.9583333333333124,False,-236.11994999999888,loser
PEP,2.041379310344849,0.04137931034482948,False,291.2516250000018,winner
LMT,0.487179487179479,0.5710955710955657,False,-110.63073000000026,loser
AMD,1.1057692307692446,0.39102564102564363,False,-89.90201499999964,loser
GM,0.8199999999999932,0.5400000000000063,False,-61.745180000000616,loser
UBER,1.9818181818181984,0.10909090909090087,False,211.2168600000025,winner
TSLA,1.4112149532710316,0.3345794392523353,False,114.76474500000008,winner
CSCO,0.7566371681415884,1.0044247787610578,False,-429.62374000000096,loser
MDT,0.051470588235288585,1.0588235294117525,False,-167.3291400000015,loser
UNH,0.0013383838383780155,1.060606060606048,False,-160.3778400000013,loser
MCD,0.6981132075471644,1.0,False,-124.52452500000211,loser
KO,0.12068965517242689,0.41379310344826825,False,-54.36603999999923,loser
ABBV,0.24139534883722655,0.6268217054263482,False,-114.28454169999812,loser
PANW,0.7499999999999973,1.45588235294118,False,-216.6665800000012,loser
LMT,0.4689655172413785,0.965517241379303,False,-109.083215000001,loser
GE,0.15384615384614123,1.191025641025642,False,-184.16406000000023,loser
AXON,4.214007782101183,0.54863813229572,False,449.4963200000014,winner
FCX,0.5238095238095362,1.1904761904761991,False,-280.7389949999981,loser
C,0.7674418604651293,0.8139534883720804,False,-133.5722499999994,loser
CRWD,0.4571428571428557,1.0142857142857113,False,-412.0146600000016,loser
LMT,2.444794952681376,0.29337539432176724,False,268.14658500000064,winner
OXY,1.7390526315789598,0.5241052631578985,False,41.01170660000044,winner
LMT,0.42318840579709693,0.9478260869565196,False,-135.3885500000003,loser
AMD,0.29752066115702236,1.0165289256198313,False,-269.57112000000166,loser
FDX,0.32989690721650283,1.0154639175257738,False,-182.8519999999998,loser
AAPL,0.22879781420764936,1.1202185792349713,False,-231.86299500000143,loser
MSFT,2.038011695906448,0.15204678362572624,False,453.9289200000022,winner
GLD,0.9119718309858965,0.47535211267605904,False,-63.36075000000125,loser
NEM,1.617647058823532,0.0,False,85.4744799999992,winner
AAPL,1.6562500000000095,0.237499999999998,False,36.61829999999987,winner
AVGO,2.027397260273977,0.20547945205479345,False,399.36182000000025,winner
TXN,2.1057692307692446,0.5817307692307638,False,406.1741999999997,winner
NKE,1.9236111111110925,0.06944444444444979,False,-0.4924500000014191,loser
MU,2.028089887640448,0.5449438202247181,False,538.6823900000003,winner
XLV,0.10204081632652291,0.673469387755086,False,-60.72062000000162,loser
CRM,1.5562130177514788,0.733727810650894,False,-58.42560000000152,loser
GOOGL,0.2330827067669193,1.0300751879699295,False,-243.4255800000004,loser
NVDA,0.3571428571428523,1.0,False,-299.1032100000011,loser
NEM,1.4722222222222276,0.11111111111111549,False,52.91538999999915,winner
ISRG,2.076834862385323,0.13302752293578313,False,241.0725599999996,winner
GE,1.010309278350506,0.11340206185566964,False,-35.629425000000666,loser
MCD,0.14942528735635338,0.2413793103448107,False,-45.028829999997896,loser
FCX,2.1122448979591826,0.7551020408163183,False,445.1119200000019,winner
ORCL,1.4415584415584668,0.7662337662337562,False,24.204650000001607,winner
CRM,2.3695652173913198,0.11594202898550515,False,267.38864000000194,winner
GE,2.0468750000000018,0.664062499999995,False,229.96372000000025,winner
CVX,1.5126050420168191,0.2857142857142652,False,65.28123000000103,winner
FCX,1.9210526315789445,0.2807017543859713,False,234.08271249999987,winner
BA,2.1469194312796076,0.4075829383886294,False,347.06375,winner
C,2.24242424242426,0.0,False,9.423399999999983,winner
CAT,0.6202531645569603,0.5907172995780603,False,-115.8759999999999,loser
OXY,0.7568468468468404,1.0185585585585601,False,-330.68674580000146,loser
INTC,0.19023809523809943,0.9049999999999934,False,-228.9294476999993,loser
META,0.42051282051281946,0.7743589743589742,False,-145.6366999999991,loser
WMT,0.8888888888888911,0.36111111111111877,False,-29.38162500000042,loser
BMY,1.0113636363635934,0.034090909090909456,False,-20.975565000001342,loser
BMY,0.8863636363636422,1.11363636363639,False,-133.1413199999994,loser
GOOGL,0.3775524475524379,0.13286713286714058,False,40.49410999999813,winner
C,2.024390243902452,0.7682926829268301,False,304.58170000000007,winner
DIS,1.3301886792452768,0.8855660377358445,False,30.824429999999275,winner
BA,0.9234972677595553,1.049180327868854,False,-175.58577000000108,loser
DVN,0.5471698113207519,0.05660377358490768,False,1.358049999999977,winner
RTX,0.9418604651162823,0.39534883720929004,False,-36.37556999999897,loser
CVX,2.0000000000000506,0.1964285714285746,False,223.471440000001,winner
FCX,2.0588235294117383,0.07843137254901715,False,426.1115199999983,winner
GLD,0.09574468085103745,0.1510638297872603,False,-15.335214999999891,loser
BLK,0.6491464510332458,0.6513926325247082,False,-57.0245,loser
SLB,0.2666666666666593,0.788888888888877,False,-141.2301150000005,loser
MO,1.9999999999999691,0.7608695652173658,False,168.65266000000034,winner
UBER,2.0420512820512844,0.82051282051282,False,437.9245900000016,winner
LULU,1.2560975609756142,0.32055749128920363,False,4.866435000001335,winner
XLI,0.8409090909090784,0.8863636363635813,False,-31.25365499999875,loser
WMT,1.5000000000000138,0.769230769230786,False,40.75434999999874,winner
GE,1.4944943820224728,0.4257303370786372,False,26.14044930000231,winner
MS,0.04225352112676212,0.739436619718307,False,-224.3957399999992,loser
HD,1.0,0.5086956521738928,False,-61.61213499999876,loser
V,0.3185185185185249,1.029629629629624,False,-123.55550999999956,loser
LULU,1.1677966101694712,0.4627118644067756,False,-9.805559999999456,loser
SBUX,2.184615384615346,0.33846153846155563,False,216.03089999999924,winner
MMM,0.28757142857143514,1.0285714285714331,False,-263.4397499999985,loser
XLU,0.6500000000000267,2.0500000000000265,False,-124.50229999999776,loser
SBUX,0.5954807692307695,0.5576923076923104,False,131.21802000000093,winner
AMZN,1.017441860465117,0.6453488372093025,False,-124.62313500000164,loser
EBAY,1.7555555555555427,0.10555555555556152,False,324.9464099999985,winner
ETN,1.9757575757575634,0.3818181818181777,False,131.1376000000015,winner
HON,0.44000000000000583,1.0914285714285694,False,-179.22842,loser
JPM,0.4245614035087756,0.8210526315789503,False,-313.39165000000133,loser
XLP,0.5483870967741492,1.258064516129025,False,-4.262445000000025,loser
VRTX,0.019458544839256957,0.9763113367174209,False,-300.7143100000001,loser
MRK,0.0041666666666628676,0.9124999999999969,False,-183.90626750000104,loser
MRK,0.22123893805309824,1.0442477876106298,False,-193.3911749999993,loser
MSFT,1.4626168224299403,0.2803738317756868,False,31.31366000000188,winner
PEP,0.3749999999999815,1.0937500000000027,False,-108.44122000000075,loser
MRVL,0.5319148936170226,1.5106382978723458,False,-228.2538449999995,loser
TSLA,0.7662835249042106,0.827586206896546,False,-101.65749000000012,loser
GOOGL,0.15254237288136083,0.5423728813559295,False,-123.25184499999924,loser
GE,0.6233766233766318,1.220779220779224,False,-156.7448999999993,loser
XLK,1.3846153846153986,0.9487179487179226,False,1.0583999999995903,winner
GOOGL,2.0578512396694038,0.057851239669427214,False,388.1740800000003,winner
EQIX,0.07692307692307802,0.6431273644388376,False,-134.02080000000078,loser
META,0.5550847457627096,1.0423728813559296,False,-199.84426000000104,loser
COST,0.6833910034602187,0.7250519031141847,False,-87.19415999999853,loser
UBER,0.11538461538462064,1.1346153846153861,False,-262.4479999999981,loser
ZS,0.2791558441558479,0.5194805194805203,False,-35.09742499999992,loser
CRWD,0.19999999999999646,0.575000000000012,False,-136.1026499999994,loser
MRVL,1.9999999999999722,0.9607843137254845,False,7.819439999999968,winner
CRM,2.363636363636359,0.12715151515151552,False,302.0431200000006,winner
SPY,0.48447204968947233,1.074534161490688,False,-2.026474999999957,loser
CMCSA,0.5147058823529277,0.6323529411764742,False,-3.074610000000041,loser
BAC,0.20000000000000592,0.020833333333329016,False,0.0966625,winner
AMD,1.8279569892473078,0.2849462365591405,False,3.047899999999961,winner
XLC,0.23170731707316988,1.2197560975609938,False,-0.3819400000000003,loser
OXY,0.9245283018867942,0.24528301886792883,False,-0.1497449999999963,loser
AVGO,2.0000000000000373,0.0,False,10.145520000000072,winner
NFLX,2.0212765957446766,0.21276595744681204,False,12.641579999999967,winner
AXP,1.4064327485380292,0.3157894736842097,False,-1.9108799999999693,loser
XLY,0.25757575757575596,1.151515151515119,False,-0.6961300000000046,loser
NFLX,1.4150943396226385,0.018867924528298094,False,1.2990900000000074,winner
PLTR,0.4399999999999977,1.0,False,-1.02912,loser
GOOGL,0.24390243902438996,0.9918699186991943,False,-5.377799999999995,loser
APP,0.17187499999999897,1.0624999999999987,False,-1.3293200000000012,loser
F,2.0,0.5624999999999987,False,13.211320000000011,winner
MS,1.5151515151514903,0.1363636363636393,False,0.8632499999999386,winner
PLTR,0.3125,0.7053571428571392,False,-0.7015550000000017,loser
DIA,2.078651685393252,0.6067415730337402,False,1.4910449999999842,winner
JNJ,2.0624999999999827,0.17361111111111138,False,1.325392499999985,winner
AVGO,0.14102564102564008,1.0,False,-5.165160000000006,loser
NFLX,1.1805555555555594,0.1111111111111188,False,0.0382199999999983,winner
UBER,1.3958333333333253,0.08333333333333087,False,-0.5350799999999999,loser
PLTR,1.6078431372549031,0.23529411764705738,False,0.2244300000000002,winner
INTC,2.341269841269834,0.4841269841269817,False,22.888360000000056,winner
META,0.1735856573705174,0.3027888446215114,False,-2.011150000000036,loser
F,2.269230769230786,0.4230769230769378,False,0.5611949999999999,winner
F,2.156250000000002,0.5312499999999938,False,0.1300424999999995,winner
T,1.1249999999999722,0.2499999999999889,False,-0.0360199999999995,loser
T,0.22727272727271552,0.6363636363636422,False,-0.0861450000000002,loser
PLTR,0.18918918918918945,0.8378378378378322,False,-0.3164200000000007,loser
F,0.2692307692307687,0.6538461538461565,False,-0.1002425000000008,loser
PLTR,0.8448275862069025,0.36206896551723167,False,-0.0817424999999977,loser
PLTR,2.1190476190476297,0.34523809523809573,False,0.8218999999999999,winner
APP,3.4117647058823395,0.05882352941176675,False,0.9904599999999996,winner
PFE,0.7307692307692276,0.4038461538461449,False,-1.7539499999999744,loser
APP,1.0337837837837818,0.5743243243243189,False,1.193815,winner
T,0.09999999999999823,0.4000000000000107,False,-2.168000000000037,loser
TSLA,2.076388888888892,0.8287037037037079,False,16.793499999999973,winner
ORCL,0.9037037037037067,0.1481481481481509,False,25.01894000000002,winner
MRNA,1.0,0.36601307189542603,False,-0.4447449999999983,loser
APP,0.39062499999999967,0.5312499999999938,False,0.2955700000000096,winner
F,2.277777777777782,0.6111111111111089,False,0.345685000000001,winner
F,0.05555555555556433,0.7222222222222179,False,-0.154244999999999,loser
PLTR,0.5862068965517256,1.5862068965517255,False,-0.6101099999999983,loser
XOM,2.825581395348847,0.4069767441860402,False,1.9749050000000037,winner
XLF,2.2500000000000147,0.6641666666667021,False,0.706244999999988,winner
INTC,0.28846153846153794,1.1250000000000102,False,-7.201967500000007,loser
DIA,0.039215686274530565,1.0049019607843093,False,-1.367519999999982,loser
MU,0.5866666666666637,1.0,False,-2.462295,loser
GOOGL,1.0463917525773068,0.20618556701032711,False,-1.1504200000000226,loser
XLE,0.5185185185185146,1.4444444444444298,False,-0.2765250000000039,loser
DIS,0.9382716049382753,0.6790123456790069,False,-1.155839999999988,loser
GOOGL,0.4099999999999966,1.1899999999999977,False,-3.9118000000000137,loser
CVS,1.6461538461538572,0.5384615384615586,False,1.2692399999999182,winner
F,0.18090909090909008,1.0,False,-0.2450899999999988,loser
CI,1.1914062500000033,0.13281249999999012,False,0.3812400000000363,winner
FDX,0.3129496402877681,1.0287769784172602,False,-207.006280000002,loser
COST,0.38419117647059825,0.9503676470588264,False,-173.48793499999914,loser
FDX,0.4294354838709637,0.9495967741935487,False,-5.163314999999995,loser
COST,0.36987951807228353,0.7578072289156684,False,-111.64425250000254,loser
PLTR,1.371428571428567,0.04285714285714431,False,42.98206749999969,winner
PANW,2.362790697674427,0.10232558139534871,False,702.4603300000009,winner
PLTR,2.361702127659579,0.17021276595745116,False,4.249799999999993,winner
INTC,1.552631578947396,0.5447368421052716,False,0.0870400000000107,winner
NEM,1.5375000000000105,0.32500000000000756,False,47.639200000000265,winner
AMAT,0.01999999999998181,0.8040000000000191,False,-4.307070000000009,loser
MSFT,0.10176991150440809,1.0353982300885138,False,-139.9463999999995,loser
CRM,0.1500000000000062,0.931250000000009,False,-6.709579999999995,loser
CI,2.0223463687150955,0.3505586592178774,False,411.2471999999981,winner
DVN,0.35593220338983417,0.10169491525424178,False,-0.52437,loser
CVS,0.13716814159292018,0.7743362831858341,False,-230.56875000000213,loser
MO,0.33370370370369845,0.7033333333333308,False,-1.6287946500000106,loser
BAC,1.7368421052631628,0.0,False,81.49242500000142,winner
PANW,0.08029197080290866,1.0364963503649718,False,-1.5017450000000043,loser
GLD,2.395604395604412,0.1428571428571384,False,200.85819499999877,winner
OXY,0.47786885245901556,1.3472131147541164,False,-1.092600000000008,loser
ORCL,1.4124999999999994,0.31150000000000344,False,-0.0891000000000039,loser
WFC,0.7444444444444417,1.0111111111111166,False,-0.4916550000000028,loser
LMT,0.07541899441341895,0.7625698324022272,False,-115.94419999999954,loser
SBUX,0.14814814814814717,1.0381481481481518,False,-121.86623999999848,loser
XLP,1.1250000000000222,0.421875000000025,False,-1.2961849999999688,loser
CL,0.3125000000000016,0.9642857142857206,False,-152.06615999999804,loser
CL,0.06097560975609354,0.13414634146341273,False,-8.15244000000196,loser
XLU,2.5384615384615583,0.1923076923076965,False,358.03287999999844,winner
NFLX,2.000000000000015,0.1489361702127518,False,17.942400000000095,winner
T,0.8461538461538619,0.15384615384615175,False,-0.0716799999999991,loser
META,0.162850678733025,1.0226244343891455,False,-5.051809999999959,loser
KO,0.8673913043478131,0.17391304347828504,False,-1.4577000000000937,loser
AXON,0.1503131524008351,1.0104384133611715,False,-15.038654999999975,loser
KO,0.13157894736841022,1.0263157894736596,False,-0.6967425000000128,loser
UBER,0.013698630136993368,0.9863013698630164,False,-12.242464999999909,loser
NVDA,2.016393442622959,0.26229508196720774,False,21.087360000000107,winner
META,0.7275747508305662,1.0,False,-6.684509999999982,loser
NVDA,0.8214285714285696,1.232142857142848,False,-2.4368800000000093,loser
PLTR,0.31249999999999306,0.5156249999999969,False,-1.8006000000000015,loser
SBUX,0.8030303030303089,0.38636363636363147,False,-2.454960000000023,loser
T,1.650000000000015,0.4500000000000009,False,0.0391774999999997,winner
GS,1.1391304347826332,0.5195652173913117,False,0.3520949999999727,winner
SCHW,0.8032786885245942,1.3934426229508117,False,-1.9985249999999983,loser
TSLA,0.7886178861788613,1.0135501355013503,False,-7.858509999999995,loser
GOOGL,2.6722222222222065,0.18322222222220855,False,2.057777499999993,winner
META,0.44767441860464335,0.9922480620155109,False,-5.799920000000005,loser
MO,1.9999999999999645,0.7999999999999716,False,1.4347599999999945,winner
T,0.2,1.1000000000000179,False,-4.88123999999991,loser
GLD,3.2830357142856688,0.39285714285713924,False,4.5727399999999365,winner
NEM,2.0000000000000444,0.6406250000000083,False,1.2030400000000012,winner
BA,0.07943925233645655,1.083738317757014,False,-7.087769999999959,loser
CVX,0.6421052631579168,1.0210526315789583,False,-1.0954049999999886,loser
TSLA,0.1330275229357801,0.4021406727828727,False,-4.084672500000028,loser
VZ,2.0588235294118387,0.5294117647058775,False,0.6042000000000068,winner
CRM,2.0301075268817175,0.15913978494623832,False,27.151050000000037,winner
PFE,0.736842105263156,0.3157894736842204,False,-0.2408250000000021,loser
IWM,0.9212598425196677,0.6141732283464526,False,0.6728599999999771,winner
XLV,1.53846153846153,0.32692307692304645,False,-0.1015449999999988,loser
KHC,1.3166666666666347,0.9833333333333251,False,0.3346799999999897,winner
BAC,0.5421739130434803,0.6752173913043484,False,-0.7447506000000017,loser
KHC,2.0000000000000457,0.19354838709676161,False,2.3318400000000183,winner
NVDA,1.0000000000000149,1.0416666666666734,False,-1.5838499999999909,loser
AMZN,2.2131147540983767,0.45901639344262524,False,2.4793349999999954,winner
DVN,0.2884615384615516,1.0,False,-1.696289999999988,loser
NKE,0.10000000000001599,2.1374999999999997,False,-0.9223099999999972,loser
SLB,0.6226415094339711,1.0754716981132058,False,-1.1663500000000022,loser
F,0.8888888888888911,0.2222222222222376,False,-0.096150000000004,loser
ARM,0.18382352941176477,0.7867647058823587,False,-2.2813900000000147,loser
ARM,1.1964285714285847,0.9285714285714295,False,0.4943600000000148,winner
AMD,2.1306956521739537,0.17365217391305307,False,2.2577501499999872,winner
NEM,0.9193548387096826,0.0806451612903174,False,-0.2019074999999957,loser
PFE,0.5000000000000089,0.949999999999992,False,-0.6436999999999893,loser
CSCO,0.019230769230779217,0.6346153846153862,False,-0.4312249999999983,loser
KO,1.2413793103448292,0.827586206896561,False,0.0401199999999965,winner
XLF,0.09117647058820998,1.0294117647058971,False,-0.6233850000000052,loser
MRNA,1.2968750000000036,0.12276785714285361,False,0.2317624999999988,winner
XLV,0.34848484848481975,0.984696969696936,False,-0.7204900000000125,loser
ABT,1.598360655737697,0.39344262295083493,False,0.0015074999999948,winner
MRVL,2.5275229357798272,0.11009174311926408,False,5.24951000000001,winner
UBER,0.3292682926829305,1.0,False,-1.7666400000000009,loser
NOW,3.232394366197214,0.26760563380281605,False,2.690450000000004,winner
DIS,0.17283950617283972,0.6666666666666725,False,-0.5986975000000097,loser
APP,2.238095238095232,0.2619047619047595,False,1.6363399999999997,winner
APP,1.8659793814433034,0.10309278350515623,False,0.0261750000000002,winner
NOW,0.7868852459016328,0.22950819672130307,False,-0.5735399999999875,loser
CMCSA,0.8577981651376075,0.3990825688073403,False,0.6578775000000017,winner
F,1.4244444444444428,0.16666666666667324,False,0.4971849999999861,winner
T,0.9761904761904806,0.666666666666678,False,-0.4234200000000011,loser
GE,0.933962264150975,0.632075471698117,False,-0.2563599999999761,loser
NVDA,0.3000000000000011,1.092307692307696,False,-2.7346999999999944,loser
APP,0.5567010309278349,1.0,False,-3.0484049999999967,loser
SPG,1.2762430939226517,0.19889502762431668,False,0.2146399999999852,winner
F,0.9285714285714421,1.428571428571436,False,-0.2522849999999976,loser
NVDA,0.11818181818181465,0.10909090909091379,False,-0.3240300000000068,loser
XLI,1.6730769230769447,0.08653846153846548,False,0.2518250000000045,winner
WMT,0.02542372881355427,0.9576271186440702,False,-2.2169900000000085,loser
PFE,0.5004166666666731,0.7912499999999967,False,-0.2175649499999979,loser
XLU,1.0999999999999983,0.6499999999999974,False,-0.2432200000000045,loser
XLB,2.052631578947396,0.21052631578947173,False,1.0106400000000078,winner
GM,0.07142857142858883,1.0285714285714436,False,-1.170704999999983,loser
DVN,0.4499999999999929,1.3499999999999965,False,-1.332210000000017,loser
DVN,0.04081632653061846,0.24489795918366725,False,-0.4630349999999983,loser
GM,0.07446808510639102,1.1063829787233985,False,-1.5325349999999966,loser
ARM,0.7476699029126153,0.9028155339805849,False,-2.8909948500000184,loser
EOG,0.05158730158729957,1.0396825396825373,False,-1.376820000000005,loser
DVN,0.9318181818181638,0.14772727272726593,False,-0.3149100000000068,loser
MRVL,2.0490797546012347,0.6442331288343579,False,3.177040000000005,winner
NEM,0.4871794871794806,1.051282051282041,False,-0.4237750000000005,loser
PLTR,0.3483146067415754,1.0168539325842663,False,-1.8330500000000007,loser
APP,0.07065217391304088,0.4999999999999923,False,-0.4044400000000034,loser
DIS,1.7088607594936989,0.11405063291138408,False,0.2981950000000107,winner
PFE,0.4200000000000017,0.3200000000000074,False,0.0283819499999971,winner
BAC,1.3958333333333253,0.9374999999999981,False,0.1315499999999949,winner
OXY,1.6216216216216366,0.3513513513513415,False,-0.092394999999994,loser
DIS,0.8651685393258537,0.32584269662920434,False,-0.3435449999999898,loser
BAC,0.06818181818182112,1.5,False,-0.7680899999999966,loser
XLF,2.1333333333332543,0.6,False,0.7759499999999915,winner
NVDA,2.0425531914893633,0.4184397163120602,False,2.727169999999993,winner
PFE,0.8684210526316035,0.4473684210526227,False,-0.1127324999999973,loser
ARM,1.655384615384614,0.6215384615384647,False,1.7194499999999853,winner
ARM,0.3152688172043058,1.1057347670250957,False,-2.9258224999999967,loser
BAC,2.0000000000000395,0.08333333333329715,False,0.9672300000000196,winner
DIS,0.3017241379310305,1.0043103448275945,False,-1.2816199999999969,loser
OXY,1.3181818181818103,0.7954545454545582,False,0.3257499999999795,winner
F,0.6428571428571392,1.0714285714285696,False,-1.5373000000000057,loser
NFLX,1.2241379310344878,0.1379310344827561,False,0.1934600000000074,winner
APP,0.23648648648648202,1.020270270270271,False,-1.555910000000004,loser
CMG,2.3250000000000077,0.6499999999999974,False,0.8611700000000018,winner
NEM,0.18749999999999603,0.4017857142857203,False,-0.7339874999999949,loser
XOM,0.027397260273967,0.16438356164384094,False,-0.2313849999999994,loser
CMG,0.7777777777777821,1.0555555555555578,False,-1.1986599999999985,loser
NKE,2.1558441558441626,0.012987012987019698,False,1.5152949999999994,winner
RTX,0.500000000000007,1.684803921568626,False,-1.121229999999996,loser
MO,2.052631578947396,0.18421052631577373,False,2.1493800000000154,winner
C,0.02941176470588358,0.6470588235294109,False,-0.7656000000000005,loser
MMM,0.05703422053231625,0.7642585551330832,False,-2.09545,loser
MRNA,2.0888888888888815,0.35308641975308713,False,8.316249999999998,winner
PLTR,3.3372093023255807,0.12790697674418547,False,6.12907500000001,winner
PANW,2.2551724137931086,0.25517241379310857,False,3.1193149999999816,winner
GM,0.01562500000000798,0.8593749999999948,False,-0.9614624999999956,loser
T,1.2272727272727155,0.5909090909091056,False,0.0079224999999985,winner
XLP,2.062499999999942,0.9374999999999695,False,0.5729550000000057,winner
KO,2.4562500000000567,0.6270833333333508,False,0.4862847500000019,winner
BAC,1.4347826086956643,0.5434782608695726,False,0.1629799999999948,winner
MMM,2.129032258064505,0.9677419354838547,False,1.7786000000000095,winner
GM,0.017241379310328774,0.810344827586212,False,-0.2805975000000065,loser
BAC,2.3333333333333335,0.6190476190475949,False,0.3811700000000017,winner
CSCO,2.0344827586207073,0.7241379310344879,False,0.5305999999999983,winner
MRNA,1.2371428571428527,0.2714285714285682,False,0.0840175000000033,winner
XLE,2.0,0.18181818181817888,False,1.1780099999999931,winner
MRVL,1.0,1.130808080808089,False,-0.3874600000000091,loser
SLB,0.1052631578947339,1.1052631578947338,False,-1.2864900000000077,loser
BAC,0.5000000000000339,0.6904761904761921,False,-0.553567499999988,loser
RTX,0.05797101449276287,1.0,False,-0.7957349999999977,loser
T,0.22727272727271552,1.0,False,-1.0195599999999954,loser
MU,0.644999999999996,1.1099999999999994,False,-2.120815000000009,loser
SBUX,2.273972602739773,0.2876712328767078,False,1.379890000000008,winner
ARM,1.102167182662538,0.48606811145510564,False,-0.9436999999999932,loser
WMT,1.9999999999999583,0.04411764705882476,False,1.2271999999999852,winner
XLC,1.0918367346938662,0.14285714285714285,False,0.2853349999999903,winner
T,0.22416666666667528,0.5833333333333013,False,-0.2348999999999961,loser
CVS,1.425531914893624,0.38297872340425565,False,-0.1625400000000062,loser
AVGO,14.065088757396474,0.09467455621301586,False,3.37024000000001,winner
NVDA,2.010000000000005,0.23499999999999943,False,3.87037,winner
MU,0.3827160493827178,0.2016460905349826,False,0.105475,winner
GILD,0.7788461538461499,0.42788461538461603,False,-0.3008199999999965,loser
C,0.7812499999999936,1.052083333333315,False,-1.072435000000003,loser
NFLX,1.428571428571408,0.2653061224489654,False,0.0036100000000147,winner
XLK,0.48051948051947047,0.8311688311688362,False,-0.61387,loser
MS,0.8051948051948152,0.6233766233766318,False,-0.1079950000000051,loser
PFE,0.22916666666666696,0.5208333333333367,False,-0.306405,loser
BAC,2.0357142857142785,0.07142857142855692,False,0.5295250000000002,winner
XLF,0.0,0.7142857142857071,False,-0.1415699999999943,loser
BAC,0.4199999999999875,0.0,False,-0.0110049999999988,loser
T,1.4444444444444358,0.22222222222225732,False,0.0011399999999995,winner
F,0.6249999999999972,1.0624999999999987,False,-0.1746400000000001,loser
XLB,1.9999999999999771,0.451612903225805,False,0.5740499999999974,winner
XLRE,1.9428571428571342,0.6571428571428456,False,0.1482850000000048,winner
KHC,2.5499999999999714,0.08749999999999022,False,3.856,winner
CL,1.093750000000017,0.5000000000000063,False,-0.0228400000000017,loser
T,0.2631578947368441,0.8947368421052474,False,-0.5380500000000005,loser
VZ,0.12068965517240239,1.3275862068965487,False,-1.1415699999999898,loser
T,0.8076923076923171,0.34769230769229253,False,-0.4757599999999932,loser
RTX,2.7310000000000043,0.9250000000000147,False,1.4823899999999943,winner
XLRE,1.4062500000000075,0.14843749999999808,False,0.0881850000000025,winner
NKE,1.6184210526315639,0.19072368421052696,False,1.3677450000000029,winner
BMY,0.14285714285714285,1.0408163265306039,False,-0.539435000000002,loser
FCX,0.8400000000000034,1.019999999999996,False,-0.5139849999999989,loser
AMD,0.9274447949526761,0.753943217665616,False,-0.5567000000000057,loser
F,0.16666666666667324,0.9444444444444356,False,-1.343054999999987,loser
MO,2.4545454545454635,0.18181818181817888,False,1.1632499999999932,winner
FCX,0.2826086956521635,0.6304347826086927,False,-0.855150000000006,loser
WMT,0.3846153846153986,0.8717948717948792,False,-0.8322200000000068,loser
VZ,0.3395000000000033,1.0,False,-0.7246200000000085,loser
GM,0.9078947368421131,0.09210526315788686,False,-0.2383650000000034,loser
NEM,0.07317073170730186,0.6341463414634214,False,-0.566530000000008,loser
BAC,1.9130434782608265,0.8695652173913017,False,0.0395399999999982,winner
XLRE,1.6774193548387075,0.7903225806451473,False,0.1388250000000102,winner
KHC,0.05769230769231032,1.0384615384615585,False,-1.0248399999999955,loser
MRK,0.4242424242424221,0.9747474747474693,False,-1.0684950000000029,loser
XLP,0.07868421052631099,1.0,False,-0.4635799999999954,loser
XLRE,1.3142857142857114,0.4,False,-0.0045200000000008,loser
GILD,1.3583333333333263,0.316666666666674,False,0.667675,winner
XLRE,2.0710714285714276,0.0714285714285823,False,0.2548499999999971,winner
XLRE,0.7407407407407622,0.29629629629629434,False,-0.1252899999999983,loser
XLK,0.20588235294117524,1.25,False,-0.7900000000000068,loser
PFE,1.473684210526312,0.05263157894735759,False,-0.049100000000002,loser
XLB,0.15384615384615946,1.0,False,-1.3111950000000017,loser
NEM,2.3629032258064555,0.4677419354838715,False,1.630709999999995,winner
INTC,2.0878378378378444,0.11486486486486626,False,3.0240350000000005,winner
OXY,0.20260869565216474,0.5473913043478315,False,-0.6085118000000058,loser
XLK,0.1754385964912202,1.052631578947396,False,-0.5520899999999977,loser
MU,0.7287581699346366,1.0098039215686279,False,-3.1673400000000025,loser
INTC,0.05434782608695375,0.7500000000000019,False,-0.7375849999999977,loser
CVX,2.041322314049572,0.9008264462809886,False,2.3222249999999987,winner
BMY,2.078431372549032,0.1288235294117645,False,2.901930000000009,winner
XOM,2.2578124999999982,0.6171874999999932,False,2.6876050000000022,winner
T,0.5714285714285968,0.7857142857142984,False,-0.0971124999999992,loser
MU,0.13382352941176634,0.9102941176470589,False,-0.9904940000000052,loser
WFC,2.2264150943396173,0.5660377358490635,False,2.00473999999999,winner
XLK,2.203389830508481,0.6101694915254192,False,1.1558750000000102,winner
XLF,2.0555555555555447,0.2500000000000099,False,0.319512500000002,winner
WFC,0.20454545454546336,0.9545454545454634,False,-0.8956100000000011,loser
OXY,1.0686046511627878,1.4662790697674544,False,-0.2904705000000116,loser
SLB,0.4722222222222277,1.5833333333333366,False,-0.3346449999999991,loser
XLK,1.5084745762711786,0.23728813559321993,False,-0.0764099999999937,loser
PLTR,0.21725806451613108,1.4440322580645037,False,-0.6387476500000017,loser
RTX,0.6796116504854345,0.8737864077670069,False,-0.9848599999999994,loser
F,0.0454545454545528,0.6818181818181789,False,-1.20410499999999,loser
NVDA,1.0468750000000018,0.8789062499999992,False,0.9103549999999828,winner
F,0.5555555555555644,1.111111111111109,False,-0.1010649999999998,loser
NVDA,2.0679005524861807,0.33541436464088503,False,1.0616214499999996,winner
PLTR,0.009803921568632504,0.7941176470588149,False,-1.313932499999988,loser
F,1.050000000000008,0.04999999999999023,False,-0.0122749999999984,loser
SBUX,0.11188811188812002,1.0349650349650332,False,-1.5272749999999926,loser
XLRE,0.08928571428570885,0.5357142857143038,False,-0.1944450000000057,loser
WFC,0.02083333333331483,0.3125000000000185,False,-0.4103200000000011,loser
MO,1.0600000000000023,0.7199999999999989,False,-0.3603749999999796,loser
DIS,0.4489795918367371,0.6734693877551345,False,-0.4162400000000074,loser
T,0.25,1.2142857142856962,False,-0.3243000000000011,loser
XLC,0.6232876712328831,0.766712328767143,False,-0.6431449999999972,loser
MO,7.347826086956416,0.17391304347825415,False,0.429500000000004,winner
CMCSA,0.16363636363636316,0.14090909090909176,False,-0.5336475000000154,loser
INTC,0.06382978723403708,0.1276595744680893,False,-0.3486150000000009,loser
PLTR,1.518867924528298,0.22641509433961732,False,-0.3124499999999784,loser
C,0.1296296296296155,0.888888888888886,False,-0.4618000000000216,loser
PLTR,1.3225806451612812,0.03629032258064627,False,2.1563698999999894,winner
C,0.8888888888889006,0.35802469135803766,False,-0.604850000000008,loser
XLY,1.0161290322580496,0.2258064516129025,False,-0.2576000000000005,loser
MRVL,0.6851211072664373,1.6159169550173014,False,-3.0057750000000008,loser
XLY,0.2258064516129025,1.1290322580645125,False,-0.7393600000000046,loser
EBAY,0.5700934579439283,0.9532710280373855,False,-1.8709499999999808,loser
PLTR,0.8922413793103391,0.2844827586206873,False,-1.4673999999999932,loser
PLTR,0.3214285714285701,0.9234693877551061,False,-1.7720149999999977,loser
PFE,0.5263157894736793,0.4210526315789621,False,-0.4832750000000014,loser
CVS,1.2068965517241463,0.7412068965517201,False,-0.6481049999999838,loser
TGT,0.13888888888887846,1.0013888888888758,False,-1.2187100000000126,loser
DVN,3.1145,0.9230000000000194,False,3.160931599999976,winner
DVN,0.42553191489360254,0.03191489361702208,False,0.5565699999999886,winner
GILD,1.5545454545454698,0.19081818181817412,False,0.3248000000000017,winner
GM,0.7272727272727371,7.6969696969697345,False,-0.7142499999999966,loser
MRNA,1.945703125000007,0.4449218750000004,False,0.1777302500000012,winner
BAC,0.1296296296296155,0.6481481481481565,False,-0.6659925000000129,loser
CMG,0.3235294117647194,0.9019607843137167,False,-1.0373599999999874,loser
F,0.6666666666666733,1.111111111111109,False,-0.3006449999999995,loser
F,1.399999999999968,0.0,False,0.0293399999999987,winner
MO,1.9814814814814852,0.7777777777777821,False,1.0945400000000027,winner
T,0.7058823529411543,1.0294117647058763,False,-0.1943550000000017,loser
KO,2.218750000000001,0.7656250000000135,False,0.6314975000000003,winner
MO,0.18918918918919125,0.5675675675675738,False,-0.2525499999999957,loser
CSCO,0.1632653061224617,1.040816326530619,False,-0.5526649999999949,loser
NFLX,0.2987012987013054,1.4155844155844273,False,-0.6825999999999983,loser
FCX,0.24038461538461722,2.0673076923077134,False,-0.5134475000000014,loser
PSX,0.13000000000000492,1.0183333333333309,False,-3.1286,loser
INTC,0.18055555555555447,1.0,False,-4.446719999999993,loser
KHC,0.08823529411763999,0.8382352941176479,False,-1.2659700000000005,loser
GILD,2.1231884057970913,0.5144927536231803,False,2.773235000000001,winner
F,0.1470588235294139,0.9705882352941235,False,-2.449195000000013,loser
GM,0.10923076923076956,0.8394871794871803,False,-1.0055547999999974,loser
MU,2.0451315789473643,0.004385964912282944,False,4.558049999999996,winner
MRNA,0.48235294117647415,0.9294117647058798,False,-0.7543299999999988,loser
XOM,1.528169014084481,0.43661971830985746,False,0.0951649999999937,winner
PLTR,0.5407653061224502,1.3622448979591888,False,-2.0468999999999937,loser
PLTR,3.049504950495054,0.12376237623762401,False,4.970209999999988,winner
MRVL,1.037037037037043,1.212962962962967,False,-2.3031399999999964,loser
BAC,0.0,0.7800000000000011,False,-0.6549525000000128,loser
NEM,0.10638297872341358,0.8936170212765864,False,-0.8163799999999989,loser
NEM,0.28947368421052466,1.12280701754386,False,-1.2362700000000006,loser
T,1.1428571428571308,0.7619047619047595,False,-0.2734000000000108,loser
SBUX,1.0,6.245360824742282,False,-0.3586500000000051,loser
TJX,0.9109589041095922,1.0068493150684918,False,-3.044210000000002,loser
UNH,0.11491442542786474,1.047066014669925,False,-8.722650000000064,loser
MDLZ,0.2790476190476249,0.4511111111111119,False,-1.2509783999999835,loser
UNH,2.097164591977868,0.637275242047019,False,29.74316750000005,winner
ARM,0.03980891719745222,0.9601910828025477,False,-21.35673999999998,loser
PLTR,0.47122302158273444,1.0323741007194205,False,-22.996800000000007,loser
NEM,0.7171717171717166,0.8484848484848502,False,-0.8805225000000029,loser
MO,0.7619047619047595,1.0,False,-6.690880000000024,loser
C,1.1044776119402882,0.32417910447761916,False,-1.6103400000000887,loser
PM,0.3546325878594298,0.5079872204472862,False,-7.028340000000013,loser
USB,0.008153846153843566,0.9846153846153877,False,-2.0392200000000016,loser
ADBE,2.072164948453616,0.3969072164948511,False,14.794619999999982,winner
T,0.2790697674418547,1.255813953488371,False,-1.372484999999999,loser
UBER,0.25179856115107496,1.0,False,-1.467735000000001,loser
CVX,0.21782178217821252,0.6732673267326671,False,-3.5968000000000626,loser
OXY,0.12813953488371155,0.6046511627906934,False,-0.2953875000000026,loser
DIA,0.7580645161290183,1.5622119815668287,False,-4.347570000000077,loser
MO,0.6666666666666742,0.9523809523809615,False,-8.305959999999978,loser
AMD,0.05263157894737061,1.0058479532163773,False,-14.46771999999995,loser
CRM,0.5677966101694857,1.6299435028248441,False,-7.62508000000004,loser
MRVL,0.07894736842104935,1.0877192982456152,False,-4.807000000000002,loser
MPC,1.2115384615384757,0.12740384615384057,False,-0.1329849999999806,loser
XLU,0.8387096774193422,0.7419354838709752,False,-2.0946550000000053,loser
NFLX,0.9827586206896465,0.698275862068961,False,-5.489160000000068,loser
MO,0.23076923076924127,0.3846153846153657,False,-0.1504349999999963,loser
APP,0.8963007883565776,0.8308065494238955,False,25.14263999999992,winner
MU,2.030534351145032,0.03053435114504289,False,2.5350800000000047,winner
AMD,2.2208333333333403,0.08187500000000043,False,32.82979000000008,winner
FCX,0.6666666666666666,0.6533333333333265,False,-0.1393599999999943,loser
MSFT,1.0029673590504424,0.8249258160237465,False,-0.3928399999999978,loser
NFLX,0.3645833333333446,1.4062500000000033,False,-3.2226899999999814,loser
RTX,0.5585585585585701,0.13513513513514205,False,0.0161600000000294,winner
GOOGL,0.2027649769585228,0.9999999999999869,False,-6.316709999999993,loser
NKE,0.02857142857142277,1.8142857142857114,False,-0.7629200000000028,loser
GE,0.48989898989898484,1.0757575757575635,False,-4.424000000000037,loser
XLB,0.6666666666666963,1.0833333333333481,False,-0.5665799999999898,loser
GOOGL,0.26865671641790934,0.8805597014925389,False,-7.387305000000062,loser
PM,1.7712418300653634,0.03921568627451126,False,3.3294999999999635,winner
NEM,0.413043478260872,1.4202898550724492,False,-1.4462700000000035,loser
MRNA,0.5859374999999994,0.742187499999996,False,-1.3856324999999965,loser
PFE,0.8095238095238143,0.3809523809523713,False,-0.0934549999999967,loser
NFLX,0.5897435897435991,1.1025641025641002,False,-5.343329999999976,loser
MO,0.16320000000001755,0.47999999999998977,False,-0.1794899999999974,loser
NVDA,0.29056603773584155,0.6980000000000033,False,-9.800250000000108,loser
MDLZ,1.9313725490195874,0.4411764705882476,False,0.2978524999999948,winner
XLP,1.288888888888877,0.4333333333333154,False,-0.5809199999999591,loser
BMY,2.023809523809519,0.028095238095240175,False,0.7917500000000034,winner
BA,2.2411347517730524,0.0,False,17.816235000000017,winner
WMT,2.6666666666666665,0.2666666666666515,False,1.4906050000000035,winner
DIS,0.07432432432433406,1.0268918918918821,False,-5.975899999999964,loser
GE,0.8500000000000064,0.4681818181818082,False,-1.323134999999993,loser
FCX,3.098039215686283,0.19607843137255257,False,0.9887750000000012,winner
META,1.5042857142857267,0.39857142857142336,False,1.644170000000032,winner
C,1.0670731707316976,0.29341463414633956,False,0.2018300000000011,winner
BAC,0.6111111111111008,0.7962962962962997,False,-0.4199850000000125,loser
MRNA,1.409836065573771,0.8852459016393437,False,-0.0978250000000002,loser
IBB,0.6410256410256401,0.4444444444444525,False,-2.872769999999966,loser
MRNA,0.510204081632651,1.2448979591836744,False,-0.518105000000002,loser
GLD,2.7477064220183443,0.05963302752293351,False,8.952650000000041,winner
MRK,1.5,0.34848484848485634,False,0.0769799999999807,winner
PLTR,0.8483606557377146,0.2950819672131146,False,-3.150379999999909,loser
DVN,0.13483146067415433,0.9662921348314594,False,-2.3842500000000157,loser
PLTR,0.5977431906614833,0.9859143968871674,False,-12.022009500000015,loser
MU,0.08139534883720968,1.0232558139534838,False,-11.046959999999991,loser
CSCO,0.0326086956521447,0.9565217391304738,False,-0.5005875000000023,loser
INTC,0.0862068965517195,1.0568965517241402,False,-11.510144999999968,loser
CMG,1.352941176470589,0.1372549019607854,False,0.247730000000004,winner
XLE,1.0303030303030245,0.6363636363636422,False,-0.04438,loser
AMD,0.037848605577688925,0.6952191235059805,False,-9.271012499999973,loser
INTC,0.04166666666666831,0.9305555555555594,False,-2.076434999999996,loser
F,0.11000000000000039,0.8899999999999996,False,-6.452483549999989,loser
PLTR,0.19155440414508895,0.6373056994818578,False,-6.814349999999994,loser
CVS,2.0133333333333403,0.9333333333333371,False,15.74166,winner
NEM,2.413793103448251,0.18965517241379035,False,17.43039999999998,winner
UBER,0.05882352941176716,0.02941176470588358,False,0.0594400000000682,winner
AMZN,0.10544303797467532,1.7405063291139102,False,-5.403720000000037,loser
XLU,0.14814814814814328,1.0370370370370292,False,-0.9326550000000092,loser
XLU,0.5416666666666888,1.1250000000000073,False,-0.7223999999999872,loser
ORCL,0.9166666666666637,0.6296296296296254,False,-3.374354999999959,loser
MSFT,0.9392265193370238,0.35911602209945587,False,-1.410585000000025,loser
GE,2.5057142857143013,0.6938775510204067,False,4.649100000000006,winner
DIA,0.09701492537312863,2.2238805970148863,False,-1.7859400000000318,loser
GM,0.4772093023255767,1.1395348837209356,False,-0.4828549999999997,loser
MCD,0.0,0.20232558139535203,False,-1.4684350000000044,loser
GOOGL,2.1984732824427407,0.007633587786274282,False,2.6301950000000023,winner
KHC,0.9642857142857212,0.29761904761904895,False,-4.26923,loser
C,1.9999999999999882,0.5867768595041349,False,18.63896000000001,winner
APP,0.07239655172413506,1.081103448275859,False,-12.304160000000024,loser
BX,0.6350710900473774,0.6966824644549713,False,0.8040599999999044,winner
C,0.4301075268817081,1.1612903225806348,False,-1.0205150000000067,loser
JNJ,2.102564102564132,0.13299145299144813,False,2.2935200000000364,winner
XLB,0.47999999999998977,2.1200000000000045,False,-4.440675,loser
NVDA,1.1500000000000061,0.29999999999999466,False,1.0276200000000273,winner
AMZN,0.7794117647058925,1.014705882352949,False,-3.1859599999999704,loser
NVDA,2.9705882352941204,0.613445378151277,False,2.228812499999973,winner
AVGO,0.13349358974358475,0.6826923076923053,False,-4.831880000000009,loser
DVN,1.0303030303030023,1.0151515151515011,False,-0.7276500000000108,loser
MO,2.166666666666658,0.7261904761904726,False,19.341410000000003,winner
T,1.2500000000000044,0.0,False,-0.4951799999999563,loser
MCD,0.3636363636363664,1.7219251336898196,False,-4.348910000000009,loser
T,0.5333333333333508,0.8000000000000143,False,-3.858539999999984,loser
CSCO,2.7121739130435274,0.03260869565217559,False,11.387447500000045,winner
QQQ,1.3600000000000032,0.34545454545452065,False,0.7462800000000499,winner
XLK,1.7999999999999905,0.3333333333333649,False,0.3173749999999886,winner
EBAY,2.2637362637362393,0.19780219780218733,False,1.9649500000000024,winner
AMAT,1.5767195767195827,0.2169312169312167,False,3.7650999999999817,winner
VZ,1.0227272727272845,0.11363636363635776,False,-0.0482325000000025,loser
VZ,1.023809523809502,1.0,False,-0.2534650000000008,loser
CVS,2.394366197183056,0.450704225352118,False,14.87937000000002,winner
T,2.2857142857143367,0.3571428571428698,False,0.2813149999999987,winner
ELV,2.1911111111111143,0.19997777777776568,False,17.38094,winner
INTC,1.3860759493670887,0.025316455696202018,False,0.763120000000008,winner
MO,0.6111111111111089,1.0694444444444604,False,-5.114159999999993,loser
GM,0.16304347826087795,1.021739130434794,False,-7.237019999999912,loser
INTC,0.30319148936170304,1.0744680851063872,False,-0.9599974999999988,loser
JNJ,0.05882352941176634,1.0294117647058831,False,-4.795800000000041,loser
PFE,0.36111111111109906,1.0,False,-0.8217599999999988,loser
LMT,0.013745704467360866,0.11340206185566366,False,-0.2059399999999908,loser
XLV,0.65322580645161,0.8870967741935144,False,-1.2558499999999613,loser
INTC,0.06945205479451924,0.7798630136986274,False,-19.014548799999947,loser
PANW,1.7210884353741518,0.8843537414965877,False,3.656639999999977,winner
OXY,1.1666666666666667,0.22619047619047256,False,-0.04661,loser
ARM,0.8720000000000129,1.0736666666666654,False,-9.706649999999916,loser
NEM,2.3627450980391886,0.2641176470588114,False,1.1117625000000022,winner
CVS,2.6078431372548723,0.3333333333333333,False,10.770150000000058,winner
XLE,1.0909090909091055,0.4090909090909267,False,-0.0850499999999991,loser
CMCSA,1.145833333333318,0.2708333333333216,False,-0.8947575000000587,loser
DECK,0.42944785276073916,1.0477300613496912,False,-10.519709999999971,loser
APP,1.577937649880093,0.298549160671459,False,-0.9844649999999524,loser
PG,1.4040404040404464,0.7676767676767735,False,0.1606700000000216,winner
AVGO,1.8861608775137095,0.11343692870200967,False,8.571014499999992,winner
F,0.7777777777777821,1.2222222222222179,False,-2.5411249999999965,loser
UNH,3.7279411764705457,0.2598039215686254,False,7.837129999999968,winner
META,1.0309381237524897,0.8692614770459134,False,-2.0854725000000456,loser
PANW,0.09831460674157935,1.0393258426966254,False,-7.916600000000004,loser
INTC,0.4170833333333348,1.4579166666666468,False,-8.145758400000021,loser
XLRE,0.8095238095238417,0.8571428571428813,False,-2.921939999999954,loser
INTC,0.5454545454545415,1.151515151515142,False,-11.004845000000058,loser
PANW,0.6606060606060604,0.5757575757575669,False,-3.273464999999959,loser
GE,2.0200000000000027,0.43087272727273723,False,10.454504999999957,winner
KKR,0.7222222222222244,1.0416666666666683,False,-2.2781949999999958,loser
ABT,1.2171755725190683,0.011832061068704526,False,0.0692622499999958,winner
SPY,1.3089005235602313,0.18848167539268043,False,-0.2650400000000227,loser
NEM,0.652173913043475,1.0956521739130425,False,-1.2344050000000055,loser
GM,0.028985507246381437,0.8333333333333403,False,-7.19507999999999,loser
OXY,0.22619047619047256,1.0,False,-0.4669200000000017,loser
JPM,0.5971698113207626,0.5471698113207654,False,-2.7661699999999865,loser
FDX,0.12545098039216487,1.360784313725499,False,-8.36347499999995,loser
XLU,2.1785714285714177,0.10714285714286077,False,0.5166199999999952,winner
OXY,0.5833333333333433,0.8888888888888845,False,-5.992559999999936,loser
JNJ,2.0892857142857086,0.017857142857126543,False,8.465240000000046,winner
SOXX,2.155263157894747,0.15263157894738102,False,7.512029999999945,winner
XLK,3.026315789473698,0.14473684210528284,False,1.37790000000001,winner
NVDA,0.5500000000000114,1.0049999999999955,False,-8.75304,loser
F,1.9958333333333134,0.7958333333333372,False,0.1222172499999991,winner
MRVL,1.575163398692807,0.1503267973856234,False,0.4915599999999317,winner
F,1.1692857142857125,1.2592857142857052,False,-0.1556926000000035,loser
XLU,2.416666666666711,0.5416666666666593,False,6.954880000000063,winner
AVGO,0.08251173708919907,1.0258215962441346,False,-9.207859999999982,loser
AMAT,0.047071129707118,0.20397489539749547,False,1.5834412500000068,winner
CVS,1.6647727272727397,0.9545454545454473,False,0.2316350000000022,winner
ORCL,0.0964010282776346,0.672236503856041,False,-10.722080000000004,loser
KO,0.04049999999999385,0.6844999999999759,False,-3.3084359000000245,loser
AVGO,0.07013888888888836,0.7277777777777802,False,-10.946880000000007,loser
SOXX,0.10835913312694333,1.188854489164093,False,-7.0386699999999225,loser
INTC,0.2876712328767022,1.1178082191780796,False,-3.068620000000016,loser
GILD,2.034965034965043,0.020979020979021882,False,16.427939999999996,winner
GE,2.013605442176878,0.4795918367346834,False,11.14795999999999,winner
XLP,0.7878787878787644,1.0454545454545474,False,-0.4094249999999983,loser
WFC,0.0427027027026995,1.0405405405405423,False,-6.608319999999959,loser
COF,0.2373333333333297,1.175999999999999,False,-11.918505,loser
XOM,0.8703703703703697,0.2962962962963036,False,-2.553150000000014,loser
AMAT,1.973760932944597,0.10204081632653704,False,11.276954999999942,winner
AMAT,0.14516129032257363,1.5645161290322447,False,-8.135250000000054,loser
INTC,2.33796296296295,0.5972222222222221,False,2.4839724999999984,winner
FDX,1.1304347826086851,0.9219948849104846,False,1.336859999999975,winner
UPS,0.48707753479125293,0.1689860834990048,False,-0.0917499999999772,loser
XLE,0.592592592592615,1.0,False,-0.314014999999996,loser
UBER,0.1470588235294179,0.7058823529411781,False,-1.5342700000000034,loser
CSCO,0.7584269662921471,0.41573033707864054,False,-3.3191774999998875,loser
BAC,0.277777777777776,0.5,False,-3.6215725000000183,loser
DVN,0.4714285714285671,1.10000000000001,False,-8.421050000000031,loser
FDX,1.6529209621992993,0.40103092783503885,False,2.960860000000018,winner
GM,2.150000000000031,0.466666666666673,False,3.5126700000000275,winner
GM,2.753968253968273,0.03968253968254899,False,4.334662500000002,winner
MU,0.3374045801526724,0.937404580152668,False,-11.820859999999993,loser
BMY,2.2391304347826417,0.40217391304348865,False,3.850419999999992,winner
AAPL,1.3915094339622827,0.5566037735849076,False,0.5135500000000591,winner
IBB,3.0273437499999973,0.20703125000001135,False,2.397290000000002,winner
DIS,1.5944680851063657,8.053191489361607,False,1.136839999999966,winner
PFE,0.5580000000000008,0.8666666666666698,False,-6.005790000000033,loser
OXY,0.33702127659574616,1.0,False,-6.661914999999985,loser
PEP,2.334862385321082,0.06422018348625814,False,6.096419999999935,winner
CSCO,0.27717391304347283,0.8858695652174027,False,-0.8737375000000017,loser
PEP,1.1272727272727414,0.8090909090909267,False,-1.1646600000000271,loser
GLD,0.0,0.9250814332247496,False,-3.205114999999984,loser
XLV,0.8656716417910372,0.7388059701492743,False,-0.5819650000000068,loser
CSCO,0.012195121951208521,0.5487804878048861,False,-3.174030000000017,loser
KHC,0.19444444444444553,1.0277777777777724,False,-0.6149399999999992,loser
GOOGL,2.011695906432763,0.5248538011695889,False,13.374320000000006,winner
PM,0.3192307692307603,0.788461538461536,False,-1.1209225000000034,loser
DE,0.7575757575757557,0.3600713012477677,False,-2.2791650000000203,loser
DECK,2.0094339622641826,0.6037735849056677,False,12.202200000000028,winner
KHC,1.9999999999999791,0.3823529411764743,False,0.3144599999999998,winner
AMZN,2.470046082949329,0.0431336405529999,False,10.00800000000002,winner
NKE,0.08730158730157621,1.015873015873024,False,-0.6949949999999955,loser
C,0.04166666666666831,0.7916666666666584,False,-2.6146599999999887,loser
DIA,2.1172839506172823,0.08641975308641109,False,2.761270000000009,winner
NKE,1.3879310344827744,0.3372413793103439,False,-0.105829999999992,loser
FCX,0.5172413793103414,0.5862068965517317,False,-4.263180000000027,loser
CMCSA,0.05000000000000178,0.4833333333333308,False,-0.1725424999999995,loser
AVGO,0.9874776386404407,0.4508050089445426,False,-2.137159999999952,loser
DIS,2.0540540540540233,0.18918918918918765,False,1.3729199999999897,winner
UPS,2.042857142857124,0.2,False,6.512449999999958,winner
GM,2.068493150684908,0.39726027397260916,False,1.382399999999994,winner
AXON,2.010365853658527,0.1390243902439,False,15.831559999999977,winner
F,0.14285714285713924,1.0,False,-0.0831150000000002,loser
XLI,1.797619047619124,0.1428571428571187,False,1.0883700000000307,winner
XLC,1.298245614035062,0.3157894736842184,False,-0.0867949999999988,loser
LULU,0.3683385579937298,0.7539184952978065,False,-4.130437199999986,loser
BMY,2.296451612903209,0.14516129032258507,False,3.561090000000006,winner
XLY,0.5890410958904171,0.9452054794520466,False,-0.8114249999999977,loser
BAC,0.08571428571428862,1.0142857142857011,False,-0.4052950000000014,loser
TGT,0.4197468354430353,0.7954430379746905,False,-2.905096799999997,loser
GM,0.015384615384623457,0.7076923076923074,False,-0.5417099999999938,loser
GLD,0.8015668202765078,0.4749308755760424,False,-0.978320300000004,loser
MO,0.06303030303030718,0.9242424242424282,False,-1.0335674999999898,loser
BA,0.18085427135679086,1.035175879396996,False,-4.397649999999961,loser
BX,0.0,0.9308755760368764,False,-2.055130000000005,loser
DIS,0.11456521739130922,1.0326086956521756,False,-5.161249999999938,loser
TSLA,0.09266943291839827,1.0484094052558817,False,-7.717714999999961,loser
XLB,1.9615384615384153,0.3846153846153825,False,0.3685099999999937,winner
FCX,0.38607594936708867,0.5632911392405073,False,-4.482652500000002,loser
CVX,0.11594202898548456,0.6086956521739381,False,-1.6831949999999898,loser
DIS,2.0384615384615583,0.6826923076922933,False,0.9254100000000064,winner
LMT,0.4650655021834125,0.9148471615720789,False,-2.533072500000016,loser
VZ,0.29999999999995264,1.4999999999999527,False,-2.4795550000000737,loser
T,1.0,0.44444444444443565,False,-0.0448699999999995,loser
AMD,4.057750759878436,0.33641337386018094,False,12.712080000000023,winner
MRVL,2.1279999999999974,0.11200000000000046,False,2.41049,winner
CVX,0.5755968169761224,1.0185676392572927,False,-11.793225000000032,loser
MRK,2.0168067226890725,0.29411764705883126,False,11.399675000000002,winner
DXCM,0.9768965517241225,1.0,False,-1.6792800000000043,loser
GOOGL,1.475862068965513,0.7931034482758553,False,-0.9373150000000136,loser
MRK,0.2824427480915952,1.0038167938931264,False,-2.8413700000000044,loser
INTC,1.677731092436982,0.20168067226890365,False,2.7798500000000077,winner
FCX,2.0851086956521883,0.2717391304347842,False,16.02864000000003,winner
XLRE,0.5555555555555585,1.0366666666667002,False,-0.290435,loser
RTX,0.09761904761905384,1.0238095238095157,False,-4.589419999999989,loser
NKE,1.2031249999999927,0.5546875000000058,False,-0.4925399999999852,loser
SLB,0.4855072463768144,1.0724637681159483,False,-8.836499999999972,loser
MRNA,2.28571428571429,0.5571428571428585,False,38.69112000000004,winner
FCX,0.04854368932038554,1.0339805825242754,False,-10.907950000000012,loser
HD,0.15245901639343384,1.0229508196721289,False,-3.2278825000000277,loser
TXN,0.550724637681165,1.0144927536231856,False,-2.9535099999999908,loser
AMD,0.11812297734627193,1.1407766990291268,False,-6.438330000000007,loser
DVN,1.3958333333333253,0.6041666666666599,False,0.0637800000000068,winner
NEM,0.7111111111111149,1.5047555555555556,False,-9.50558,loser
XLB,0.3783783783783825,0.9729729729729781,False,-0.4100199999999994,loser
GOOGL,0.05805243445693956,0.7022471910112318,False,-2.2104575,loser
SLB,0.46250000000000324,0.9749999999999962,False,-2.8202300000000045,loser
CVX,0.3645833333333244,1.5156250000000004,False,-3.387510000000024,loser
ETN,0.35218029350104013,1.0733752620544996,False,-5.121345000000039,loser
OXY,0.5999999999999976,1.083166666666668,False,-2.5818000000000056,loser
CVX,1.6793721973094269,0.5134529147982132,False,0.0513324999999942,winner
CMCSA,1.2203389830508458,0.6864406779661038,False,0.1853374999999998,winner
AAPL,0.039192399049872255,0.2874109263658019,False,-2.332575999999993,loser
CMCSA,2.0,0.4878048780487786,False,0.7890400000000003,winner
KHC,2.2857142857142616,0.23809523809524052,False,0.8458049999999975,winner
XLRE,0.03535714285714913,0.7503571428571293,False,-0.243280049999999,loser
AMAT,0.17730496453900713,0.863672182821122,False,-10.695990000000032,loser
F,1.1842105263158,1.0263157894736883,False,-2.856209999999993,loser
KO,1.4642857142857215,0.5,False,0.3635800000000068,winner
ARM,0.4517374517374573,1.0540540540540486,False,-2.5375249999999965,loser
OXY,7.714107142857217,0.07142857142857052,False,2.2052500000000115,winner
XOM,0.05384615384614813,1.4538461538461525,False,-4.354410000000034,loser
DVN,0.06849315068493764,0.8424657534246541,False,-1.2694299999999927,loser
DECK,0.0023584905660423046,0.3702830188679246,False,-3.5750299999999657,loser
NKE,0.051948051948060334,0.6883116883116749,False,-0.5252299999999938,loser
BMY,1.5307692307692302,0.3000000000000011,False,1.0702200000000024,winner
XLU,0.4166666666666706,0.8000000000000143,False,-0.2714625000000014,loser
SOXX,0.7708333333333243,0.64236111111112,False,-1.185759999999993,loser
NEM,0.3790659340659295,1.516483516483513,False,-1.9447100000000077,loser
XLRE,0.058260869565204175,0.6373913043478124,False,-2.2216896000000474,loser
XLU,0.8620689655172439,3.275862068965512,False,-3.711454999999991,loser
ADBE,0.3926096997690519,0.42494226327944806,False,22.99025,winner
VZ,0.6071428571428608,1.0323809523809444,False,-4.561325000000012,loser
COP,1.677966101694909,0.35169491525424057,False,2.666860000000025,winner
XLE,2.0,0.7173913043478211,False,0.8607800000000017,winner
COP,1.8946616541353354,0.5638345864661637,False,2.561700000000012,winner
ARM,1.1264044943820193,0.8530898876404506,False,-0.4642950000000125,loser
AMD,0.170682730923694,1.003012048192774,False,-10.36871999999998,loser
C,0.051792828685263005,1.3067729083665391,False,-2.6215149999999907,loser
AMAT,0.2052154195011342,1.0204081632653068,False,-8.347010000000019,loser
COP,0.47701149425286193,1.1551724137931085,False,-3.737920000000018,loser
GM,0.0,0.6799999999999926,False,-6.057039999999941,loser
OXY,2.000000000000007,0.029702970297030888,False,1.957630000000003,winner
DVN,0.5223880597014934,1.1343283582089494,False,-8.64966000000002,loser
MDLZ,1.677966101694909,0.6610169491525395,False,0.0915349999999985,winner
PFE,2.076923076923061,0.4038461538461531,False,0.9836999999999992,winner
MS,0.3839923954372691,2.0513307984790843,False,-8.386904999999986,loser
BMY,1.2462686567164292,2.0522388059701657,False,-0.0228300000000056,loser
JNJ,0.03108808290155593,0.5803108808290244,False,-2.650499999999968,loser
WMT,2.0105263157895092,0.2736842105263095,False,1.7739800000000057,winner
AMD,0.5473033707865144,0.9101123595505638,False,-9.50602500000005,loser
ARM,0.04166666666666515,1.080128205128205,False,-382.8836700000005,loser
ARM,3.2408026755853045,0.2541806020066876,False,669.8140500000021,winner
DIS,2.433823529411793,0.25735294117646923,False,1.3342475000000025,winner
ARM,0.4447949526813847,1.0473186119873832,False,-344.53869500000167,loser
XLRE,1.0217391304347625,0.3043478260869525,False,-0.1896900000000093,loser
MRNA,1.1333333333333386,0.24444444444444358,False,-58.09569999999914,loser
PANW,1.8371040723982082,0.5791855203619968,False,92.33297500000012,winner
KKR,0.4035087719298214,0.9210526315789448,False,-267.71685000000224,loser
MRNA,0.6007751937984545,1.4922480620155028,False,-1.1186424999999978,loser
CMG,0.10975609756096145,1.1951219512195064,False,-0.8927700000000074,loser
XLB,0.22619047619047256,0.8690476190476203,False,-0.3668075000000048,loser
SLB,0.39655172413792195,1.3274137931034355,False,-0.6345900000000054,loser
VZ,0.04588235294117813,1.045882352941178,False,-1.7946300000000028,loser
DVN,2.0,0.13235294117647567,False,1.3098599999999994,winner
KHC,2.190952380952395,0.047142857142866305,False,0.7498601999999883,winner
KO,0.060000000000002274,0.7400000000000091,False,-0.4288549999999943,loser
CSCO,1.6643835616438312,1.3424657534246556,False,0.3262900000000017,winner
KHC,2.318409090909083,0.44318181818181757,False,3.926489999999996,winner
MRNA,0.026923076923077018,1.019230769230768,False,-2.6557000000000013,loser
XLRE,0.0384615384615311,1.0,False,-0.304549999999998,loser
KO,1.61526315789475,0.017543859649131993,False,-0.0849524999999954,loser
XLP,1.551020408163247,0.08163265306120673,False,-0.124809999999992,loser
KO,0.9166666666666815,0.5625000000000037,False,-0.2106549999999954,loser
XLP,0.9259259259259396,0.4629629629629698,False,-0.2253700000000005,loser
BMY,0.13333333333333175,0.7833333333333389,False,-0.5284349999999989,loser
F,2.0,0.11764705882352695,False,2.284869999999999,winner
XLF,1.5652173913043665,0.04347826086955716,False,0.0180950000000002,winner
SLB,0.5365853658536642,2.1097560975609713,False,-0.7977800000000019,loser
DXCM,0.3780487804878108,1.1097560975609806,False,-0.8936399999999932,loser
WFC,1.1309523809523798,0.4166666666666751,False,-0.1585499999999983,loser
ABT,3.737804878048809,0.26609756097560705,False,1.8020350000000005,winner
XLB,0.0595238095238059,1.1904761904761856,False,-0.4715700000000017,loser
BAC,0.02222222222221766,0.9555555555555489,False,-0.4639250000000037,loser
ABT,0.6250000000000083,1.5937499999999925,False,-0.7312300000000006,loser
USB,0.8378378378378322,0.2702702702702734,False,-0.2569300000000028,loser
WFC,1.5246913580247308,0.45679012345678494,False,0.2611325000000131,winner
XLB,0.9456521739130612,0.39130434782609164,False,-0.1625949999999994,loser
PFE,0.40624999999998546,0.5312500000000049,False,-0.0912325000000012,loser
FCX,0.7422680412371131,1.1030927835051636,False,-1.0410449999999989,loser
XLU,1.2666666666666873,0.3166666666666659,False,0.0297800000000045,winner
MO,1.4050632911392287,0.025316455696197296,False,-0.0228350000000028,loser
MRNA,0.8881987577639708,0.22360248447204942,False,-0.3623350000000063,loser
MRNA,2.4145833333333284,0.14374999999999918,False,5.5653425000000105,winner
BAC,2.1200000000000045,0.15000000000000568,False,0.94,winner
NFLX,0.4166666666666751,0.5833333333333248,False,-0.5666649999999949,loser
MO,0.1571428571428557,1.0214285714285722,False,-0.7734300000000028,loser
CMCSA,0.39285714285713924,0.9821428571428608,False,-0.2984475000000021,loser
UBER,2.080000000000003,0.11333333333334394,False,1.42538,winner
SLB,1.5952380952381198,0.2857142857142833,False,0.3443200000000119,winner
KO,1.42709090909093,0.3181818181818147,False,-0.0788475000000045,loser
USB,0.04310344827587147,0.7844827586206794,False,-0.4773974999999991,loser
KHC,0.18965517241379268,0.7586206896551707,False,-0.9415800000000034,loser
KHC,0.8529411764705861,0.7202941176470627,False,-0.4633799999999994,loser
BAC,0.41666666666666335,0.9027777777777871,False,-0.3312150000000031,loser
F,0.679999999999997,0.951578947368431,False,-0.2902308000000014,loser
SLB,0.023809523809535892,0.5,False,-0.4758299999999954,loser
BMY,2.0098039215686323,0.4117647058823562,False,0.957349999999996,winner
GM,2.807692307692318,0.10769230769230836,False,2.8040650000000005,winner
F,2.447368421052637,0.3684210526315814,False,0.4453599999999991,winner
T,0.01666666666666331,1.2166666666666703,False,-1.1588100000000023,loser
F,0.17346938775510434,0.9285714285714317,False,-2.7631349999999912,loser
BMY,1.61167883211679,0.036496350364966686,False,0.3963199999999937,winner
DXCM,1.4160714285714313,0.1607142857142869,False,1.7119475000000015,winner
DXCM,1.0233644859813071,1.1261682242990636,False,0.0742599999999965,winner
DIS,2.3199333333333336,0.42339999999999617,False,3.018019950000001,winner
SLB,0.17361111111111138,1.3758333333333364,False,-1.5432799999999978,loser
